tensor([[     0.0063,     -0.0893,      0.0052,     -2.2573,     -0.0194,
              2.2229,     -0.1052],
        [     0.0063,     -0.0893,      0.0052,     -2.2573,     -0.0194,
              2.2229,     -0.1052],
        [     0.0063,     -0.0893,      0.0052,     -2.2573,     -0.0194,
              2.2229,     -0.1052],
        [     0.0063,     -0.0893,      0.0052,     -2.2573,     -0.0194,
              2.2229,     -0.1052],
        [     0.0063,     -0.0893,      0.0052,     -2.2573,     -0.0194,
              2.2229,     -0.1052],
        [     0.0063,     -0.0893,      0.0052,     -2.2573,     -0.0194,
              2.2229,     -0.1052],
        [     0.0063,     -0.0893,      0.0051,     -2.2573,     -0.0194,
              2.2229,     -0.1052],
        [     0.0063,     -0.0893,      0.0052,     -2.2573,     -0.0194,
              2.2229,     -0.1052],
        [     0.0063,     -0.0893,      0.0052,     -2.2573,     -0.0194,
              2.2229,     -0.1052],
        [     0.0063,     -0.0893,      0.0052,     -2.2573,     -0.0194,
              2.2229,     -0.1052],
        [     0.0063,     -0.0893,      0.0052,     -2.2573,     -0.0194,
              2.2229,     -0.1052],
        [     0.0063,     -0.0893,      0.0052,     -2.2573,     -0.0194,
              2.2229,     -0.1052],
        [     0.0063,     -0.0893,      0.0052,     -2.2574,     -0.0194,
              2.2229,     -0.1052],
        [     0.0063,     -0.0893,      0.0052,     -2.2574,     -0.0194,
              2.2229,     -0.1052],
        [     0.0063,     -0.0893,      0.0052,     -2.2574,     -0.0194,
              2.2229,     -0.1052],
        [     0.0063,     -0.0892,      0.0052,     -2.2574,     -0.0194,
              2.2229,     -0.1052],
        [     0.0063,     -0.0892,      0.0052,     -2.2574,     -0.0194,
              2.2229,     -0.1052],
        [     0.0063,     -0.0892,      0.0052,     -2.2575,     -0.0194,
              2.2229,     -0.1052],
        [     0.0063,     -0.0892,      0.0052,     -2.2575,     -0.0194,
              2.2229,     -0.1052],
        [     0.0063,     -0.0893,      0.0052,     -2.2575,     -0.0194,
              2.2229,     -0.1052],
        [     0.0063,     -0.0893,      0.0052,     -2.2575,     -0.0194,
              2.2229,     -0.1054],
        [     0.0063,     -0.0893,      0.0052,     -2.2575,     -0.0194,
              2.2229,     -0.1055],
        [     0.0063,     -0.0893,      0.0052,     -2.2575,     -0.0194,
              2.2229,     -0.1057],
        [     0.0063,     -0.0893,      0.0052,     -2.2575,     -0.0194,
              2.2229,     -0.1059],
        [     0.0063,     -0.0893,      0.0052,     -2.2575,     -0.0194,
              2.2229,     -0.1061],
        [     0.0063,     -0.0893,      0.0052,     -2.2575,     -0.0194,
              2.2229,     -0.1062],
        [     0.0063,     -0.0893,      0.0052,     -2.2575,     -0.0194,
              2.2229,     -0.1063],
        [     0.0063,     -0.0893,      0.0052,     -2.2575,     -0.0194,
              2.2229,     -0.1064],
        [     0.0063,     -0.0893,      0.0052,     -2.2575,     -0.0194,
              2.2229,     -0.1066],
        [     0.0063,     -0.0893,      0.0053,     -2.2575,     -0.0194,
              2.2229,     -0.1067],
        [     0.0063,     -0.0893,      0.0053,     -2.2575,     -0.0194,
              2.2229,     -0.1068],
        [     0.0063,     -0.0893,      0.0053,     -2.2575,     -0.0194,
              2.2229,     -0.1069],
        [     0.0063,     -0.0892,      0.0053,     -2.2575,     -0.0194,
              2.2229,     -0.1069],
        [     0.0063,     -0.0893,      0.0054,     -2.2575,     -0.0194,
              2.2229,     -0.1069],
        [     0.0063,     -0.0893,      0.0054,     -2.2575,     -0.0194,
              2.2229,     -0.1069],
        [     0.0063,     -0.0893,      0.0054,     -2.2575,     -0.0194,
              2.2229,     -0.1069],
        [     0.0063,     -0.0893,      0.0055,     -2.2575,     -0.0194,
              2.2229,     -0.1070],
        [     0.0063,     -0.0893,      0.0056,     -2.2575,     -0.0194,
              2.2229,     -0.1070],
        [     0.0063,     -0.0893,      0.0056,     -2.2575,     -0.0194,
              2.2229,     -0.1070],
        [     0.0063,     -0.0893,      0.0057,     -2.2575,     -0.0194,
              2.2229,     -0.1070],
        [     0.0063,     -0.0893,      0.0058,     -2.2575,     -0.0194,
              2.2229,     -0.1070],
        [     0.0063,     -0.0893,      0.0058,     -2.2575,     -0.0194,
              2.2229,     -0.1070],
        [     0.0063,     -0.0893,      0.0059,     -2.2575,     -0.0194,
              2.2229,     -0.1070],
        [     0.0063,     -0.0893,      0.0060,     -2.2575,     -0.0194,
              2.2229,     -0.1070],
        [     0.0063,     -0.0893,      0.0061,     -2.2575,     -0.0194,
              2.2229,     -0.1070],
        [     0.0063,     -0.0893,      0.0062,     -2.2575,     -0.0194,
              2.2230,     -0.1070],
        [     0.0064,     -0.0893,      0.0063,     -2.2575,     -0.0194,
              2.2230,     -0.1070],
        [     0.0064,     -0.0893,      0.0064,     -2.2575,     -0.0194,
              2.2230,     -0.1070],
        [     0.0064,     -0.0893,      0.0064,     -2.2575,     -0.0194,
              2.2230,     -0.1070],
        [     0.0064,     -0.0893,      0.0065,     -2.2575,     -0.0194,
              2.2231,     -0.1070],
        [     0.0065,     -0.0893,      0.0067,     -2.2575,     -0.0194,
              2.2232,     -0.1070],
        [     0.0066,     -0.0893,      0.0068,     -2.2575,     -0.0194,
              2.2233,     -0.1070],
        [     0.0067,     -0.0893,      0.0069,     -2.2574,     -0.0194,
              2.2233,     -0.1070],
        [     0.0068,     -0.0893,      0.0071,     -2.2575,     -0.0194,
              2.2233,     -0.1070],
        [     0.0068,     -0.0893,      0.0072,     -2.2575,     -0.0194,
              2.2233,     -0.1070],
        [     0.0069,     -0.0893,      0.0074,     -2.2575,     -0.0194,
              2.2233,     -0.1070],
        [     0.0071,     -0.0893,      0.0076,     -2.2575,     -0.0194,
              2.2233,     -0.1070],
        [     0.0072,     -0.0892,      0.0078,     -2.2575,     -0.0194,
              2.2233,     -0.1070],
        [     0.0073,     -0.0893,      0.0080,     -2.2575,     -0.0194,
              2.2233,     -0.1070],
        [     0.0076,     -0.0893,      0.0083,     -2.2575,     -0.0194,
              2.2234,     -0.1070],
        [     0.0078,     -0.0893,      0.0086,     -2.2575,     -0.0194,
              2.2234,     -0.1070],
        [     0.0081,     -0.0893,      0.0089,     -2.2575,     -0.0194,
              2.2234,     -0.1070],
        [     0.0084,     -0.0893,      0.0092,     -2.2575,     -0.0194,
              2.2234,     -0.1070],
        [     0.0087,     -0.0893,      0.0094,     -2.2574,     -0.0194,
              2.2234,     -0.1070],
        [     0.0092,     -0.0893,      0.0098,     -2.2574,     -0.0194,
              2.2234,     -0.1070],
        [     0.0097,     -0.0893,      0.0102,     -2.2574,     -0.0194,
              2.2235,     -0.1070],
        [     0.0104,     -0.0893,      0.0108,     -2.2575,     -0.0194,
              2.2236,     -0.1070],
        [     0.0111,     -0.0893,      0.0112,     -2.2575,     -0.0194,
              2.2237,     -0.1069],
        [     0.0118,     -0.0893,      0.0116,     -2.2575,     -0.0193,
              2.2238,     -0.1068],
        [     0.0126,     -0.0893,      0.0120,     -2.2575,     -0.0191,
              2.2240,     -0.1061],
        [     0.0135,     -0.0893,      0.0124,     -2.2575,     -0.0188,
              2.2243,     -0.1048],
        [     0.0146,     -0.0893,      0.0128,     -2.2574,     -0.0184,
              2.2247,     -0.1031],
        [     0.0161,     -0.0893,      0.0133,     -2.2574,     -0.0179,
              2.2253,     -0.1007],
        [     0.0173,     -0.0893,      0.0136,     -2.2574,     -0.0177,
              2.2259,     -0.0990],
        [     0.0188,     -0.0893,      0.0140,     -2.2574,     -0.0177,
              2.2264,     -0.0972],
        [     0.0202,     -0.0893,      0.0144,     -2.2574,     -0.0177,
              2.2268,     -0.0958],
        [     0.0216,     -0.0893,      0.0148,     -2.2574,     -0.0177,
              2.2272,     -0.0946],
        [     0.0233,     -0.0893,      0.0153,     -2.2574,     -0.0177,
              2.2276,     -0.0932],
        [     0.0254,     -0.0893,      0.0160,     -2.2573,     -0.0177,
              2.2281,     -0.0916],
        [     0.0271,     -0.0893,      0.0165,     -2.2573,     -0.0177,
              2.2285,     -0.0907],
        [     0.0292,     -0.0892,      0.0170,     -2.2572,     -0.0177,
              2.2291,     -0.0899],
        [     0.0312,     -0.0892,      0.0174,     -2.2571,     -0.0177,
              2.2296,     -0.0893],
        [     0.0332,     -0.0893,      0.0179,     -2.2570,     -0.0177,
              2.2301,     -0.0887],
        [     0.0363,     -0.0893,      0.0186,     -2.2568,     -0.0177,
              2.2309,     -0.0880],
        [     0.0385,     -0.0893,      0.0192,     -2.2566,     -0.0177,
              2.2314,     -0.0880],
        [     0.0408,     -0.0893,      0.0199,     -2.2565,     -0.0177,
              2.2318,     -0.0880],
        [     0.0432,     -0.0893,      0.0205,     -2.2563,     -0.0177,
              2.2322,     -0.0880],
        [     0.0459,     -0.0893,      0.0211,     -2.2561,     -0.0177,
              2.2326,     -0.0879],
        [     0.0484,     -0.0893,      0.0217,     -2.2559,     -0.0177,
              2.2328,     -0.0878],
        [     0.0520,     -0.0893,      0.0225,     -2.2557,     -0.0177,
              2.2330,     -0.0878],
        [     0.0550,     -0.0893,      0.0231,     -2.2555,     -0.0177,
              2.2331,     -0.0877],
        [     0.0579,     -0.0893,      0.0236,     -2.2553,     -0.0177,
              2.2331,     -0.0874],
        [     0.0608,     -0.0893,      0.0241,     -2.2552,     -0.0177,
              2.2331,     -0.0868],
        [     0.0637,     -0.0893,      0.0247,     -2.2550,     -0.0177,
              2.2331,     -0.0861],
        [     0.0670,     -0.0893,      0.0255,     -2.2548,     -0.0177,
              2.2331,     -0.0850],
        [     0.0711,     -0.0893,      0.0264,     -2.2547,     -0.0177,
              2.2331,     -0.0834],
        [     0.0741,     -0.0893,      0.0272,     -2.2546,     -0.0176,
              2.2331,     -0.0818],
        [     0.0773,     -0.0893,      0.0280,     -2.2545,     -0.0176,
              2.2331,     -0.0797],
        [     0.0792,     -0.0893,      0.0285,     -2.2545,     -0.0176,
              2.2331,     -0.0783],
        [     0.0839,     -0.0893,      0.0297,     -2.2545,     -0.0175,
              2.2331,     -0.0743],
        [     0.0870,     -0.0893,      0.0306,     -2.2545,     -0.0174,
              2.2331,     -0.0712],
        [     0.0897,     -0.0893,      0.0314,     -2.2545,     -0.0174,
              2.2331,     -0.0680],
        [     0.0924,     -0.0893,      0.0323,     -2.2545,     -0.0173,
              2.2331,     -0.0643],
        [     0.0950,     -0.0893,      0.0332,     -2.2545,     -0.0173,
              2.2331,     -0.0605],
        [     0.0979,     -0.0893,      0.0342,     -2.2545,     -0.0173,
              2.2331,     -0.0564],
        [     0.1013,     -0.0893,      0.0354,     -2.2545,     -0.0173,
              2.2331,     -0.0519],
        [     0.1037,     -0.0893,      0.0363,     -2.2545,     -0.0173,
              2.2331,     -0.0485],
        [     0.1064,     -0.0893,      0.0373,     -2.2545,     -0.0173,
              2.2331,     -0.0447],
        [     0.1087,     -0.0893,      0.0381,     -2.2545,     -0.0173,
              2.2331,     -0.0415],
        [     0.1110,     -0.0893,      0.0388,     -2.2545,     -0.0173,
              2.2331,     -0.0387],
        [     0.1135,     -0.0892,      0.0398,     -2.2545,     -0.0173,
              2.2331,     -0.0360],
        [     0.1162,     -0.0892,      0.0410,     -2.2545,     -0.0173,
              2.2330,     -0.0331],
        [     0.1181,     -0.0891,      0.0420,     -2.2545,     -0.0173,
              2.2330,     -0.0311],
        [     0.1199,     -0.0890,      0.0430,     -2.2545,     -0.0173,
              2.2329,     -0.0292],
        [     0.1223,     -0.0889,      0.0443,     -2.2546,     -0.0172,
              2.2325,     -0.0264],
        [     0.1239,     -0.0888,      0.0451,     -2.2546,     -0.0172,
              2.2322,     -0.0245],
        [     0.1253,     -0.0887,      0.0459,     -2.2547,     -0.0172,
              2.2319,     -0.0227],
        [     0.1268,     -0.0884,      0.0467,     -2.2548,     -0.0172,
              2.2316,     -0.0210],
        [     0.1280,     -0.0881,      0.0474,     -2.2549,     -0.0172,
              2.2311,     -0.0196],
        [     0.1292,     -0.0878,      0.0481,     -2.2550,     -0.0172,
              2.2306,     -0.0185],
        [     0.1302,     -0.0874,      0.0486,     -2.2552,     -0.0172,
              2.2300,     -0.0175],
        [     0.1316,     -0.0868,      0.0493,     -2.2554,     -0.0171,
              2.2293,     -0.0162],
        [     0.1325,     -0.0862,      0.0498,     -2.2556,     -0.0171,
              2.2288,     -0.0154],
        [     0.1334,     -0.0856,      0.0501,     -2.2558,     -0.0171,
              2.2283,     -0.0147],
        [     0.1342,     -0.0848,      0.0505,     -2.2561,     -0.0171,
              2.2278,     -0.0139],
        [     0.1348,     -0.0841,      0.0507,     -2.2564,     -0.0171,
              2.2274,     -0.0133],
        [     0.1353,     -0.0832,      0.0509,     -2.2567,     -0.0171,
              2.2270,     -0.0126],
        [     0.1359,     -0.0818,      0.0510,     -2.2572,     -0.0171,
              2.2267,     -0.0117],
        [     0.1362,     -0.0807,      0.0510,     -2.2575,     -0.0171,
              2.2263,     -0.0110],
        [     0.1364,     -0.0795,      0.0510,     -2.2578,     -0.0171,
              2.2260,     -0.0104],
        [     0.1365,     -0.0783,      0.0510,     -2.2581,     -0.0171,
              2.2257,     -0.0098],
        [     0.1365,     -0.0767,      0.0509,     -2.2584,     -0.0170,
              2.2254,     -0.0092],
        [     0.1364,     -0.0752,      0.0508,     -2.2587,     -0.0171,
              2.2252,     -0.0088],
        [     0.1362,     -0.0731,      0.0506,     -2.2591,     -0.0171,
              2.2249,     -0.0085],
        [     0.1360,     -0.0713,      0.0504,     -2.2594,     -0.0171,
              2.2246,     -0.0085],
        [     0.1358,     -0.0694,      0.0502,     -2.2597,     -0.0171,
              2.2245,     -0.0085],
        [     0.1356,     -0.0675,      0.0499,     -2.2599,     -0.0171,
              2.2244,     -0.0085],
        [     0.1352,     -0.0644,      0.0495,     -2.2602,     -0.0171,
              2.2242,     -0.0086],
        [     0.1349,     -0.0622,      0.0492,     -2.2603,     -0.0171,
              2.2240,     -0.0087],
        [     0.1346,     -0.0599,      0.0489,     -2.2605,     -0.0171,
              2.2238,     -0.0089],
        [     0.1342,     -0.0573,      0.0485,     -2.2607,     -0.0171,
              2.2236,     -0.0092],
        [     0.1339,     -0.0547,      0.0481,     -2.2608,     -0.0171,
              2.2235,     -0.0096],
        [     0.1335,     -0.0521,      0.0476,     -2.2609,     -0.0171,
              2.2234,     -0.0100],
        [     0.1331,     -0.0494,      0.0472,     -2.2610,     -0.0171,
              2.2233,     -0.0106],
        [     0.1326,     -0.0455,      0.0464,     -2.2611,     -0.0171,
              2.2232,     -0.0114],
        [     0.1322,     -0.0425,      0.0459,     -2.2611,     -0.0171,
              2.2232,     -0.0120],
        [     0.1318,     -0.0394,      0.0454,     -2.2611,     -0.0171,
              2.2233,     -0.0126],
        [     0.1314,     -0.0362,      0.0449,     -2.2611,     -0.0171,
              2.2233,     -0.0133],
        [     0.1309,     -0.0328,      0.0444,     -2.2611,     -0.0171,
              2.2233,     -0.0140],
        [     0.1304,     -0.0295,      0.0439,     -2.2611,     -0.0171,
              2.2235,     -0.0146],
        [     0.1297,     -0.0247,      0.0432,     -2.2611,     -0.0171,
              2.2240,     -0.0155],
        [     0.1292,     -0.0214,      0.0429,     -2.2611,     -0.0171,
              2.2246,     -0.0162],
        [     0.1286,     -0.0181,      0.0426,     -2.2612,     -0.0171,
              2.2255,     -0.0170],
        [     0.1280,     -0.0146,      0.0423,     -2.2611,     -0.0171,
              2.2267,     -0.0179],
        [     0.1273,     -0.0107,      0.0421,     -2.2611,     -0.0171,
              2.2282,     -0.0188],
        [     0.1266,     -0.0074,      0.0419,     -2.2611,     -0.0171,
              2.2299,     -0.0196],
        [     0.1257,     -0.0028,      0.0417,     -2.2611,     -0.0171,
              2.2325,     -0.0205],
        [     0.1249,      0.0011,      0.0414,     -2.2611,     -0.0171,
              2.2355,     -0.0210],
        [     0.1242,      0.0045,      0.0412,     -2.2612,     -0.0171,
              2.2389,     -0.0212],
        [     0.1236,      0.0079,      0.0410,     -2.2612,     -0.0171,
              2.2429,     -0.0213],
        [     0.1229,      0.0118,      0.0408,     -2.2612,     -0.0171,
              2.2479,     -0.0213],
        [     0.1223,      0.0153,      0.0405,     -2.2611,     -0.0171,
              2.2528,     -0.0213],
        [     0.1217,      0.0198,      0.0401,     -2.2611,     -0.0171,
              2.2602,     -0.0215],
        [     0.1212,      0.0236,      0.0398,     -2.2611,     -0.0171,
              2.2670,     -0.0216],
        [     0.1209,      0.0271,      0.0394,     -2.2611,     -0.0171,
              2.2734,     -0.0218],
        [     0.1206,      0.0304,      0.0391,     -2.2611,     -0.0171,
              2.2799,     -0.0221],
        [     0.1204,      0.0336,      0.0387,     -2.2611,     -0.0171,
              2.2865,     -0.0225],
        [     0.1202,      0.0374,      0.0384,     -2.2610,     -0.0172,
              2.2937,     -0.0230],
        [     0.1201,      0.0418,      0.0379,     -2.2609,     -0.0172,
              2.3021,     -0.0239],
        [     0.1200,      0.0450,      0.0376,     -2.2609,     -0.0174,
              2.3083,     -0.0245],
        [     0.1199,      0.0478,      0.0373,     -2.2608,     -0.0174,
              2.3134,     -0.0251],
        [     0.1199,      0.0519,      0.0369,     -2.2607,     -0.0175,
              2.3198,     -0.0259],
        [     0.1199,      0.0550,      0.0366,     -2.2607,     -0.0175,
              2.3246,     -0.0266],
        [     0.1199,      0.0583,      0.0363,     -2.2607,     -0.0175,
              2.3293,     -0.0272],
        [     0.1199,      0.0625,      0.0360,     -2.2606,     -0.0175,
              2.3336,     -0.0279],
        [     0.1199,      0.0657,      0.0358,     -2.2605,     -0.0175,
              2.3362,     -0.0283],
        [     0.1199,      0.0691,      0.0356,     -2.2605,     -0.0175,
              2.3383,     -0.0286],
        [     0.1199,      0.0721,      0.0355,     -2.2604,     -0.0175,
              2.3394,     -0.0288],
        [     0.1199,      0.0751,      0.0354,     -2.2604,     -0.0175,
              2.3400,     -0.0289],
        [     0.1199,      0.0795,      0.0353,     -2.2604,     -0.0175,
              2.3402,     -0.0290],
        [     0.1199,      0.0824,      0.0353,     -2.2604,     -0.0175,
              2.3401,     -0.0290],
        [     0.1199,      0.0854,      0.0353,     -2.2605,     -0.0175,
              2.3400,     -0.0290],
        [     0.1199,      0.0885,      0.0353,     -2.2605,     -0.0175,
              2.3400,     -0.0290],
        [     0.1199,      0.0928,      0.0353,     -2.2606,     -0.0175,
              2.3399,     -0.0290],
        [     0.1200,      0.0957,      0.0354,     -2.2606,     -0.0175,
              2.3399,     -0.0290],
        [     0.1200,      0.0986,      0.0354,     -2.2606,     -0.0175,
              2.3399,     -0.0290],
        [     0.1200,      0.1020,      0.0354,     -2.2606,     -0.0175,
              2.3400,     -0.0290],
        [     0.1200,      0.1049,      0.0354,     -2.2606,     -0.0175,
              2.3402,     -0.0290],
        [     0.1200,      0.1077,      0.0354,     -2.2606,     -0.0175,
              2.3405,     -0.0290],
        [     0.1200,      0.1118,      0.0354,     -2.2607,     -0.0175,
              2.3413,     -0.0290],
        [     0.1200,      0.1147,      0.0354,     -2.2607,     -0.0175,
              2.3422,     -0.0290],
        [     0.1200,      0.1177,      0.0354,     -2.2606,     -0.0175,
              2.3436,     -0.0290],
        [     0.1200,      0.1205,      0.0354,     -2.2607,     -0.0175,
              2.3454,     -0.0290],
        [     0.1200,      0.1235,      0.0354,     -2.2607,     -0.0175,
              2.3478,     -0.0290],
        [     0.1200,      0.1263,      0.0354,     -2.2607,     -0.0175,
              2.3503,     -0.0290],
        [     0.1200,      0.1300,      0.0355,     -2.2607,     -0.0175,
              2.3542,     -0.0291],
        [     0.1200,      0.1329,      0.0356,     -2.2607,     -0.0175,
              2.3583,     -0.0291],
        [     0.1200,      0.1354,      0.0356,     -2.2607,     -0.0175,
              2.3625,     -0.0292],
        [     0.1200,      0.1380,      0.0356,     -2.2607,     -0.0176,
              2.3670,     -0.0292],
        [     0.1200,      0.1407,      0.0357,     -2.2606,     -0.0176,
              2.3716,     -0.0293],
        [     0.1200,      0.1443,      0.0357,     -2.2605,     -0.0176,
              2.3787,     -0.0294],
        [     0.1200,      0.1468,      0.0357,     -2.2605,     -0.0176,
              2.3838,     -0.0295],
        [     0.1200,      0.1492,      0.0357,     -2.2605,     -0.0176,
              2.3888,     -0.0295],
        [     0.1200,      0.1519,      0.0357,     -2.2605,     -0.0176,
              2.3942,     -0.0296],
        [     0.1200,      0.1543,      0.0357,     -2.2605,     -0.0176,
              2.3990,     -0.0296],
        [     0.1200,      0.1566,      0.0357,     -2.2604,     -0.0176,
              2.4035,     -0.0297],
        [     0.1200,      0.1599,      0.0358,     -2.2604,     -0.0177,
              2.4092,     -0.0301],
        [     0.1200,      0.1620,      0.0358,     -2.2603,     -0.0178,
              2.4125,     -0.0305],
        [     0.1200,      0.1642,      0.0358,     -2.2602,     -0.0178,
              2.4153,     -0.0310],
        [     0.1200,      0.1664,      0.0359,     -2.2602,     -0.0179,
              2.4176,     -0.0316],
        [     0.1200,      0.1688,      0.0360,     -2.2601,     -0.0180,
              2.4196,     -0.0323],
        [     0.1201,      0.1709,      0.0361,     -2.2601,     -0.0180,
              2.4210,     -0.0330],
        [     0.1201,      0.1729,      0.0362,     -2.2600,     -0.0180,
              2.4220,     -0.0336],
        [     0.1201,      0.1758,      0.0362,     -2.2600,     -0.0180,
              2.4228,     -0.0345],
        [     0.1201,      0.1778,      0.0363,     -2.2600,     -0.0180,
              2.4231,     -0.0350],
        [     0.1201,      0.1797,      0.0363,     -2.2599,     -0.0180,
              2.4231,     -0.0355],
        [     0.1201,      0.1819,      0.0363,     -2.2599,     -0.0180,
              2.4231,     -0.0359],
        [     0.1201,      0.1837,      0.0364,     -2.2600,     -0.0180,
              2.4231,     -0.0363],
        [     0.1201,      0.1862,      0.0364,     -2.2600,     -0.0180,
              2.4230,     -0.0366],
        [     0.1201,      0.1880,      0.0364,     -2.2601,     -0.0180,
              2.4230,     -0.0367],
        [     0.1201,      0.1900,      0.0364,     -2.2601,     -0.0180,
              2.4229,     -0.0370],
        [     0.1201,      0.1911,      0.0365,     -2.2601,     -0.0180,
              2.4229,     -0.0372],
        [     0.1201,      0.1942,      0.0366,     -2.2601,     -0.0180,
              2.4229,     -0.0379],
        [     0.1201,      0.1961,      0.0367,     -2.2601,     -0.0180,
              2.4229,     -0.0384],
        [     0.1201,      0.1979,      0.0368,     -2.2601,     -0.0180,
              2.4229,     -0.0388],
        [     0.1201,      0.1997,      0.0369,     -2.2600,     -0.0180,
              2.4229,     -0.0395],
        [     0.1201,      0.2016,      0.0370,     -2.2600,     -0.0180,
              2.4229,     -0.0405],
        [     0.1201,      0.2038,      0.0373,     -2.2601,     -0.0180,
              2.4229,     -0.0419],
        [     0.1201,      0.2055,      0.0375,     -2.2601,     -0.0180,
              2.4229,     -0.0428],
        [     0.1201,      0.2071,      0.0377,     -2.2600,     -0.0180,
              2.4229,     -0.0437],
        [     0.1201,      0.2090,      0.0379,     -2.2600,     -0.0180,
              2.4229,     -0.0447],
        [     0.1201,      0.2106,      0.0382,     -2.2600,     -0.0180,
              2.4229,     -0.0455],
        [     0.1202,      0.2122,      0.0385,     -2.2600,     -0.0180,
              2.4229,     -0.0461],
        [     0.1202,      0.2145,      0.0389,     -2.2600,     -0.0180,
              2.4229,     -0.0468],
        [     0.1202,      0.2161,      0.0393,     -2.2600,     -0.0180,
              2.4229,     -0.0470],
        [     0.1202,      0.2178,      0.0396,     -2.2600,     -0.0180,
              2.4230,     -0.0470],
        [     0.1202,      0.2196,      0.0401,     -2.2599,     -0.0180,
              2.4232,     -0.0470],
        [     0.1202,      0.2212,      0.0405,     -2.2598,     -0.0180,
              2.4234,     -0.0470],
        [     0.1202,      0.2229,      0.0410,     -2.2598,     -0.0180,
              2.4238,     -0.0470],
        [     0.1202,      0.2246,      0.0415,     -2.2597,     -0.0180,
              2.4243,     -0.0470],
        [     0.1202,      0.2269,      0.0422,     -2.2597,     -0.0180,
              2.4260,     -0.0470],
        [     0.1202,      0.2283,      0.0427,     -2.2596,     -0.0180,
              2.4276,     -0.0470],
        [     0.1202,      0.2301,      0.0433,     -2.2596,     -0.0180,
              2.4301,     -0.0469],
        [     0.1202,      0.2318,      0.0439,     -2.2596,     -0.0180,
              2.4333,     -0.0468],
        [     0.1202,      0.2334,      0.0444,     -2.2596,     -0.0180,
              2.4367,     -0.0467],
        [     0.1202,      0.2351,      0.0449,     -2.2595,     -0.0180,
              2.4406,     -0.0465],
        [     0.1203,      0.2374,      0.0455,     -2.2595,     -0.0180,
              2.4470,     -0.0462],
        [     0.1203,      0.2390,      0.0459,     -2.2594,     -0.0180,
              2.4515,     -0.0459],
        [     0.1203,      0.2405,      0.0463,     -2.2593,     -0.0180,
              2.4562,     -0.0456],
        [     0.1204,      0.2421,      0.0467,     -2.2592,     -0.0180,
              2.4609,     -0.0454],
        [     0.1205,      0.2439,      0.0470,     -2.2591,     -0.0180,
              2.4661,     -0.0452],
        [     0.1206,      0.2455,      0.0473,     -2.2589,     -0.0180,
              2.4706,     -0.0452],
        [     0.1207,      0.2476,      0.0477,     -2.2587,     -0.0180,
              2.4763,     -0.0452],
        [     0.1208,      0.2494,      0.0481,     -2.2584,     -0.0180,
              2.4807,     -0.0452],
        [     0.1209,      0.2511,      0.0484,     -2.2582,     -0.0180,
              2.4842,     -0.0452],
        [     0.1210,      0.2526,      0.0487,     -2.2579,     -0.0180,
              2.4870,     -0.0452],
        [     0.1210,      0.2541,      0.0489,     -2.2576,     -0.0180,
              2.4891,     -0.0452],
        [     0.1211,      0.2564,      0.0493,     -2.2572,     -0.0180,
              2.4911,     -0.0452],
        [     0.1211,      0.2579,      0.0496,     -2.2569,     -0.0180,
              2.4919,     -0.0452],
        [     0.1211,      0.2593,      0.0499,     -2.2566,     -0.0180,
              2.4923,     -0.0452],
        [     0.1211,      0.2613,      0.0502,     -2.2562,     -0.0180,
              2.4922,     -0.0452],
        [     0.1211,      0.2629,      0.0504,     -2.2559,     -0.0180,
              2.4922,     -0.0452],
        [     0.1211,      0.2644,      0.0506,     -2.2558,     -0.0180,
              2.4922,     -0.0452],
        [     0.1211,      0.2658,      0.0508,     -2.2557,     -0.0180,
              2.4921,     -0.0452],
        [     0.1211,      0.2672,      0.0509,     -2.2556,     -0.0180,
              2.4921,     -0.0452],
        [     0.1211,      0.2691,      0.0511,     -2.2556,     -0.0180,
              2.4920,     -0.0452],
        [     0.1212,      0.2707,      0.0513,     -2.2556,     -0.0180,
              2.4920,     -0.0452],
        [     0.1212,      0.2721,      0.0514,     -2.2556,     -0.0180,
              2.4920,     -0.0452],
        [     0.1211,      0.2736,      0.0515,     -2.2556,     -0.0180,
              2.4920,     -0.0452],
        [     0.1211,      0.2751,      0.0517,     -2.2556,     -0.0180,
              2.4920,     -0.0452],
        [     0.1211,      0.2770,      0.0518,     -2.2556,     -0.0180,
              2.4920,     -0.0452],
        [     0.1211,      0.2786,      0.0519,     -2.2556,     -0.0180,
              2.4920,     -0.0452],
        [     0.1211,      0.2800,      0.0520,     -2.2555,     -0.0180,
              2.4920,     -0.0452],
        [     0.1211,      0.2814,      0.0521,     -2.2555,     -0.0180,
              2.4920,     -0.0452],
        [     0.1211,      0.2829,      0.0522,     -2.2554,     -0.0180,
              2.4921,     -0.0452],
        [     0.1211,      0.2848,      0.0522,     -2.2552,     -0.0180,
              2.4921,     -0.0452],
        [     0.1211,      0.2864,      0.0522,     -2.2550,     -0.0180,
              2.4921,     -0.0452],
        [     0.1211,      0.2879,      0.0523,     -2.2547,     -0.0180,
              2.4922,     -0.0452],
        [     0.1211,      0.2894,      0.0523,     -2.2545,     -0.0180,
              2.4922,     -0.0452],
        [     0.1211,      0.2909,      0.0523,     -2.2542,     -0.0180,
              2.4922,     -0.0452],
        [     0.1211,      0.2930,      0.0523,     -2.2537,     -0.0180,
              2.4923,     -0.0452],
        [     0.1211,      0.2944,      0.0524,     -2.2534,     -0.0180,
              2.4923,     -0.0452],
        [     0.1211,      0.2959,      0.0524,     -2.2530,     -0.0180,
              2.4924,     -0.0452],
        [     0.1211,      0.2974,      0.0525,     -2.2526,     -0.0180,
              2.4924,     -0.0452],
        [     0.1211,      0.2986,      0.0525,     -2.2522,     -0.0180,
              2.4925,     -0.0452],
        [     0.1211,      0.3012,      0.0525,     -2.2513,     -0.0180,
              2.4925,     -0.0452],
        [     0.1211,      0.3028,      0.0525,     -2.2506,     -0.0180,
              2.4925,     -0.0452],
        [     0.1211,      0.3044,      0.0525,     -2.2500,     -0.0180,
              2.4926,     -0.0452],
        [     0.1211,      0.3060,      0.0526,     -2.2492,     -0.0180,
              2.4926,     -0.0452],
        [     0.1211,      0.3077,      0.0526,     -2.2483,     -0.0180,
              2.4927,     -0.0452],
        [     0.1211,      0.3093,      0.0526,     -2.2475,     -0.0180,
              2.4927,     -0.0452],
        [     0.1211,      0.3114,      0.0526,     -2.2462,     -0.0180,
              2.4928,     -0.0452],
        [     0.1211,      0.3130,      0.0526,     -2.2451,     -0.0180,
              2.4930,     -0.0452],
        [     0.1211,      0.3146,      0.0526,     -2.2439,     -0.0180,
              2.4931,     -0.0452],
        [     0.1211,      0.3163,      0.0526,     -2.2427,     -0.0180,
              2.4933,     -0.0452],
        [     0.1211,      0.3179,      0.0526,     -2.2415,     -0.0180,
              2.4935,     -0.0452],
        [     0.1211,      0.3200,      0.0526,     -2.2399,     -0.0180,
              2.4938,     -0.0452],
        [     0.1211,      0.3216,      0.0526,     -2.2386,     -0.0180,
              2.4941,     -0.0452],
        [     0.1211,      0.3233,      0.0526,     -2.2372,     -0.0180,
              2.4944,     -0.0452],
        [     0.1211,      0.3249,      0.0526,     -2.2359,     -0.0180,
              2.4946,     -0.0452],
        [     0.1211,      0.3264,      0.0526,     -2.2345,     -0.0180,
              2.4947,     -0.0452],
        [     0.1211,      0.3284,      0.0526,     -2.2327,     -0.0180,
              2.4950,     -0.0452],
        [     0.1211,      0.3300,      0.0526,     -2.2312,     -0.0180,
              2.4952,     -0.0452],
        [     0.1211,      0.3313,      0.0527,     -2.2299,     -0.0180,
              2.4954,     -0.0454],
        [     0.1211,      0.3326,      0.0527,     -2.2286,     -0.0181,
              2.4956,     -0.0457],
        [     0.1211,      0.3342,      0.0527,     -2.2270,     -0.0181,
              2.4958,     -0.0462],
        [     0.1211,      0.3353,      0.0527,     -2.2258,     -0.0181,
              2.4960,     -0.0465],
        [     0.1211,      0.3365,      0.0527,     -2.2245,     -0.0181,
              2.4961,     -0.0468],
        [     0.1211,      0.3376,      0.0527,     -2.2233,     -0.0181,
              2.4962,     -0.0472],
        [     0.1211,      0.3386,      0.0527,     -2.2221,     -0.0181,
              2.4963,     -0.0475],
        [     0.1211,      0.3398,      0.0527,     -2.2205,     -0.0182,
              2.4965,     -0.0479],
        [     0.1211,      0.3407,      0.0527,     -2.2193,     -0.0183,
              2.4965,     -0.0482],
        [     0.1211,      0.3415,      0.0528,     -2.2182,     -0.0183,
              2.4965,     -0.0485],
        [     0.1211,      0.3421,      0.0528,     -2.2172,     -0.0183,
              2.4965,     -0.0487],
        [     0.1211,      0.3427,      0.0528,     -2.2164,     -0.0184,
              2.4965,     -0.0490],
        [     0.1211,      0.3433,      0.0528,     -2.2153,     -0.0184,
              2.4965,     -0.0493],
        [     0.1211,      0.3437,      0.0528,     -2.2145,     -0.0184,
              2.4965,     -0.0496],
        [     0.1211,      0.3440,      0.0528,     -2.2139,     -0.0184,
              2.4965,     -0.0498],
        [     0.1211,      0.3443,      0.0528,     -2.2133,     -0.0184,
              2.4965,     -0.0499],
        [     0.1211,      0.3444,      0.0528,     -2.2128,     -0.0184,
              2.4965,     -0.0499],
        [     0.1211,      0.3445,      0.0528,     -2.2122,     -0.0184,
              2.4965,     -0.0499],
        [     0.1211,      0.3444,      0.0528,     -2.2118,     -0.0184,
              2.4965,     -0.0499],
        [     0.1211,      0.3444,      0.0528,     -2.2115,     -0.0185,
              2.4965,     -0.0499],
        [     0.1211,      0.3443,      0.0528,     -2.2113,     -0.0186,
              2.4965,     -0.0500],
        [     0.1211,      0.3442,      0.0528,     -2.2110,     -0.0188,
              2.4965,     -0.0502],
        [     0.1211,      0.3442,      0.0528,     -2.2105,     -0.0192,
              2.4965,     -0.0506],
        [     0.1211,      0.3442,      0.0528,     -2.2102,     -0.0195,
              2.4965,     -0.0508],
        [     0.1211,      0.3442,      0.0528,     -2.2099,     -0.0199,
              2.4965,     -0.0511],
        [     0.1211,      0.3442,      0.0528,     -2.2095,     -0.0204,
              2.4965,     -0.0514],
        [     0.1211,      0.3442,      0.0528,     -2.2092,     -0.0211,
              2.4965,     -0.0519],
        [     0.1211,      0.3442,      0.0528,     -2.2089,     -0.0220,
              2.4965,     -0.0524],
        [     0.1211,      0.3442,      0.0528,     -2.2086,     -0.0232,
              2.4965,     -0.0533],
        [     0.1211,      0.3441,      0.0528,     -2.2084,     -0.0241,
              2.4965,     -0.0540],
        [     0.1211,      0.3442,      0.0528,     -2.2083,     -0.0251,
              2.4965,     -0.0546],
        [     0.1211,      0.3441,      0.0528,     -2.2081,     -0.0260,
              2.4965,     -0.0552],
        [     0.1211,      0.3442,      0.0528,     -2.2080,     -0.0268,
              2.4964,     -0.0556],
        [     0.1211,      0.3442,      0.0528,     -2.2080,     -0.0276,
              2.4964,     -0.0559],
        [     0.1211,      0.3442,      0.0528,     -2.2080,     -0.0282,
              2.4964,     -0.0561],
        [     0.1211,      0.3442,      0.0528,     -2.2081,     -0.0289,
              2.4964,     -0.0562],
        [     0.1211,      0.3442,      0.0528,     -2.2081,     -0.0296,
              2.4964,     -0.0563],
        [     0.1211,      0.3442,      0.0528,     -2.2081,     -0.0302,
              2.4964,     -0.0563],
        [     0.1211,      0.3442,      0.0528,     -2.2081,     -0.0307,
              2.4963,     -0.0563],
        [     0.1211,      0.3442,      0.0528,     -2.2082,     -0.0312,
              2.4963,     -0.0563],
        [     0.1212,      0.3442,      0.0529,     -2.2082,     -0.0314,
              2.4963,     -0.0563],
        [     0.1212,      0.3442,      0.0529,     -2.2082,     -0.0314,
              2.4963,     -0.0563],
        [     0.1212,      0.3442,      0.0529,     -2.2082,     -0.0315,
              2.4963,     -0.0563],
        [     0.1211,      0.3442,      0.0528,     -2.2082,     -0.0314,
              2.4963,     -0.0562],
        [     0.1211,      0.3442,      0.0528,     -2.2082,     -0.0315,
              2.4963,     -0.0562],
        [     0.1211,      0.3442,      0.0528,     -2.2082,     -0.0315,
              2.4963,     -0.0562],
        [     0.1211,      0.3442,      0.0528,     -2.2082,     -0.0315,
              2.4963,     -0.0562],
        [     0.1211,      0.3442,      0.0528,     -2.2082,     -0.0314,
              2.4963,     -0.0561],
        [     0.1211,      0.3442,      0.0528,     -2.2082,     -0.0314,
              2.4963,     -0.0561],
        [     0.1211,      0.3442,      0.0528,     -2.2082,     -0.0314,
              2.4963,     -0.0560],
        [     0.1211,      0.3442,      0.0528,     -2.2082,     -0.0315,
              2.4963,     -0.0561],
        [     0.1211,      0.3442,      0.0528,     -2.2082,     -0.0315,
              2.4963,     -0.0560],
        [     0.1211,      0.3442,      0.0528,     -2.2082,     -0.0314,
              2.4963,     -0.0560],
        [     0.1211,      0.3442,      0.0528,     -2.2082,     -0.0314,
              2.4963,     -0.0560],
        [     0.1211,      0.3442,      0.0528,     -2.2082,     -0.0314,
              2.4963,     -0.0560],
        [     0.1211,      0.3442,      0.0528,     -2.2082,     -0.0314,
              2.4963,     -0.0560],
        [     0.1211,      0.3442,      0.0528,     -2.2082,     -0.0315,
              2.4963,     -0.0560],
        [     0.1211,      0.3442,      0.0528,     -2.2082,     -0.0315,
              2.4963,     -0.0560],
        [     0.1211,      0.3442,      0.0528,     -2.2082,     -0.0315,
              2.4963,     -0.0560],
        [     0.1211,      0.3442,      0.0528,     -2.2082,     -0.0315,
              2.4963,     -0.0560],
        [     0.1211,      0.3442,      0.0528,     -2.2082,     -0.0315,
              2.4963,     -0.0559],
        [     0.1211,      0.3442,      0.0528,     -2.2082,     -0.0315,
              2.4963,     -0.0558],
        [     0.1211,      0.3442,      0.0528,     -2.2082,     -0.0315,
              2.4963,     -0.0557],
        [     0.1211,      0.3442,      0.0528,     -2.2082,     -0.0315,
              2.4963,     -0.0556],
        [     0.1211,      0.3442,      0.0527,     -2.2082,     -0.0315,
              2.4963,     -0.0554],
        [     0.1211,      0.3442,      0.0527,     -2.2082,     -0.0315,
              2.4963,     -0.0552],
        [     0.1211,      0.3442,      0.0526,     -2.2081,     -0.0315,
              2.4963,     -0.0550],
        [     0.1211,      0.3442,      0.0526,     -2.2081,     -0.0315,
              2.4963,     -0.0549],
        [     0.1211,      0.3442,      0.0525,     -2.2081,     -0.0315,
              2.4963,     -0.0548],
        [     0.1211,      0.3442,      0.0524,     -2.2081,     -0.0315,
              2.4963,     -0.0546],
        [     0.1210,      0.3442,      0.0523,     -2.2081,     -0.0315,
              2.4963,     -0.0545],
        [     0.1210,      0.3442,      0.0522,     -2.2081,     -0.0315,
              2.4964,     -0.0545],
        [     0.1210,      0.3441,      0.0521,     -2.2081,     -0.0315,
              2.4963,     -0.0544],
        [     0.1210,      0.3441,      0.0520,     -2.2081,     -0.0315,
              2.4963,     -0.0545],
        [     0.1209,      0.3441,      0.0519,     -2.2081,     -0.0315,
              2.4964,     -0.0544],
        [     0.1208,      0.3441,      0.0518,     -2.2081,     -0.0315,
              2.4964,     -0.0544],
        [     0.1208,      0.3442,      0.0517,     -2.2081,     -0.0315,
              2.4964,     -0.0545],
        [     0.1207,      0.3442,      0.0516,     -2.2081,     -0.0315,
              2.4964,     -0.0544],
        [     0.1207,      0.3441,      0.0515,     -2.2081,     -0.0315,
              2.4964,     -0.0545],
        [     0.1206,      0.3441,      0.0514,     -2.2080,     -0.0315,
              2.4964,     -0.0545],
        [     0.1206,      0.3441,      0.0512,     -2.2080,     -0.0315,
              2.4964,     -0.0545],
        [     0.1205,      0.3441,      0.0511,     -2.2080,     -0.0315,
              2.4964,     -0.0545],
        [     0.1204,      0.3441,      0.0510,     -2.2080,     -0.0315,
              2.4964,     -0.0545],
        [     0.1204,      0.3441,      0.0508,     -2.2080,     -0.0315,
              2.4964,     -0.0545],
        [     0.1203,      0.3441,      0.0506,     -2.2080,     -0.0315,
              2.4964,     -0.0545],
        [     0.1203,      0.3441,      0.0505,     -2.2079,     -0.0315,
              2.4964,     -0.0545],
        [     0.1202,      0.3441,      0.0503,     -2.2079,     -0.0315,
              2.4964,     -0.0545],
        [     0.1202,      0.3440,      0.0502,     -2.2079,     -0.0315,
              2.4964,     -0.0545],
        [     0.1201,      0.3440,      0.0500,     -2.2079,     -0.0315,
              2.4964,     -0.0545],
        [     0.1200,      0.3440,      0.0499,     -2.2078,     -0.0315,
              2.4964,     -0.0545],
        [     0.1200,      0.3440,      0.0497,     -2.2078,     -0.0315,
              2.4964,     -0.0545],
        [     0.1200,      0.3440,      0.0496,     -2.2078,     -0.0315,
              2.4964,     -0.0545],
        [     0.1199,      0.3440,      0.0495,     -2.2078,     -0.0315,
              2.4964,     -0.0545],
        [     0.1199,      0.3439,      0.0493,     -2.2078,     -0.0315,
              2.4964,     -0.0545],
        [     0.1198,      0.3439,      0.0491,     -2.2078,     -0.0315,
              2.4963,     -0.0545],
        [     0.1198,      0.3439,      0.0490,     -2.2078,     -0.0315,
              2.4963,     -0.0545],
        [     0.1198,      0.3439,      0.0489,     -2.2077,     -0.0315,
              2.4963,     -0.0546],
        [     0.1197,      0.3438,      0.0487,     -2.2077,     -0.0315,
              2.4963,     -0.0546],
        [     0.1197,      0.3438,      0.0485,     -2.2077,     -0.0316,
              2.4963,     -0.0547],
        [     0.1197,      0.3438,      0.0483,     -2.2077,     -0.0316,
              2.4963,     -0.0547],
        [     0.1197,      0.3438,      0.0482,     -2.2077,     -0.0316,
              2.4963,     -0.0548],
        [     0.1197,      0.3438,      0.0480,     -2.2077,     -0.0316,
              2.4963,     -0.0548],
        [     0.1197,      0.3437,      0.0478,     -2.2077,     -0.0316,
              2.4963,     -0.0548],
        [     0.1196,      0.3437,      0.0476,     -2.2077,     -0.0316,
              2.4963,     -0.0548],
        [     0.1196,      0.3437,      0.0474,     -2.2077,     -0.0316,
              2.4963,     -0.0548],
        [     0.1196,      0.3437,      0.0472,     -2.2077,     -0.0316,
              2.4963,     -0.0548],
        [     0.1196,      0.3437,      0.0470,     -2.2077,     -0.0316,
              2.4963,     -0.0548],
        [     0.1195,      0.3437,      0.0469,     -2.2077,     -0.0316,
              2.4963,     -0.0548],
        [     0.1195,      0.3437,      0.0466,     -2.2077,     -0.0316,
              2.4963,     -0.0548],
        [     0.1195,      0.3436,      0.0465,     -2.2077,     -0.0316,
              2.4963,     -0.0548],
        [     0.1194,      0.3436,      0.0463,     -2.2077,     -0.0316,
              2.4963,     -0.0548],
        [     0.1194,      0.3436,      0.0461,     -2.2077,     -0.0316,
              2.4963,     -0.0548],
        [     0.1194,      0.3436,      0.0460,     -2.2077,     -0.0316,
              2.4963,     -0.0548],
        [     0.1193,      0.3435,      0.0459,     -2.2077,     -0.0316,
              2.4963,     -0.0548],
        [     0.1192,      0.3435,      0.0458,     -2.2077,     -0.0316,
              2.4963,     -0.0548],
        [     0.1192,      0.3434,      0.0458,     -2.2077,     -0.0316,
              2.4963,     -0.0549],
        [     0.1192,      0.3434,      0.0458,     -2.2077,     -0.0316,
              2.4963,     -0.0551],
        [     0.1191,      0.3433,      0.0458,     -2.2077,     -0.0317,
              2.4963,     -0.0555],
        [     0.1191,      0.3433,      0.0460,     -2.2077,     -0.0319,
              2.4963,     -0.0565],
        [     0.1192,      0.3432,      0.0461,     -2.2077,     -0.0323,
              2.4961,     -0.0586],
        [     0.1192,      0.3432,      0.0464,     -2.2077,     -0.0328,
              2.4960,     -0.0606],
        [     0.1193,      0.3432,      0.0466,     -2.2077,     -0.0333,
              2.4959,     -0.0625],
        [     0.1193,      0.3432,      0.0468,     -2.2076,     -0.0339,
              2.4958,     -0.0643],
        [     0.1195,      0.3432,      0.0472,     -2.2076,     -0.0349,
              2.4956,     -0.0666],
        [     0.1196,      0.3432,      0.0475,     -2.2077,     -0.0358,
              2.4955,     -0.0683],
        [     0.1197,      0.3432,      0.0478,     -2.2076,     -0.0366,
              2.4955,     -0.0695],
        [     0.1199,      0.3432,      0.0483,     -2.2076,     -0.0375,
              2.4954,     -0.0704],
        [     0.1201,      0.3432,      0.0487,     -2.2076,     -0.0378,
              2.4954,     -0.0703],
        [     0.1204,      0.3432,      0.0491,     -2.2076,     -0.0380,
              2.4954,     -0.0700],
        [     0.1207,      0.3432,      0.0495,     -2.2076,     -0.0380,
              2.4954,     -0.0693],
        [     0.1210,      0.3431,      0.0499,     -2.2076,     -0.0380,
              2.4954,     -0.0683],
        [     0.1214,      0.3431,      0.0505,     -2.2076,     -0.0380,
              2.4954,     -0.0666],
        [     0.1218,      0.3431,      0.0510,     -2.2076,     -0.0380,
              2.4954,     -0.0651],
        [     0.1224,      0.3430,      0.0515,     -2.2076,     -0.0380,
              2.4954,     -0.0631],
        [     0.1230,      0.3430,      0.0519,     -2.2076,     -0.0380,
              2.4954,     -0.0613],
        [     0.1236,      0.3429,      0.0524,     -2.2076,     -0.0380,
              2.4954,     -0.0596],
        [     0.1245,      0.3428,      0.0530,     -2.2075,     -0.0380,
              2.4954,     -0.0576],
        [     0.1253,      0.3428,      0.0537,     -2.2075,     -0.0380,
              2.4955,     -0.0564],
        [     0.1261,      0.3427,      0.0544,     -2.2074,     -0.0381,
              2.4955,     -0.0556],
        [     0.1269,      0.3427,      0.0551,     -2.2073,     -0.0381,
              2.4955,     -0.0551],
        [     0.1280,      0.3426,      0.0562,     -2.2072,     -0.0382,
              2.4955,     -0.0546],
        [     0.1288,      0.3425,      0.0571,     -2.2072,     -0.0382,
              2.4955,     -0.0545],
        [     0.1298,      0.3424,      0.0582,     -2.2071,     -0.0384,
              2.4955,     -0.0545],
        [     0.1308,      0.3423,      0.0593,     -2.2070,     -0.0385,
              2.4955,     -0.0546],
        [     0.1319,      0.3423,      0.0604,     -2.2069,     -0.0387,
              2.4955,     -0.0546],
        [     0.1333,      0.3422,      0.0619,     -2.2068,     -0.0389,
              2.4955,     -0.0546],
        [     0.1346,      0.3421,      0.0634,     -2.2067,     -0.0390,
              2.4955,     -0.0547],
        [     0.1357,      0.3420,      0.0649,     -2.2066,     -0.0391,
              2.4955,     -0.0548],
        [     0.1368,      0.3420,      0.0667,     -2.2065,     -0.0392,
              2.4955,     -0.0548],
        [     0.1379,      0.3419,      0.0687,     -2.2065,     -0.0393,
              2.4955,     -0.0548],
        [     0.1393,      0.3418,      0.0719,     -2.2064,     -0.0394,
              2.4955,     -0.0548],
        [     0.1402,      0.3418,      0.0744,     -2.2063,     -0.0393,
              2.4955,     -0.0548],
        [     0.1411,      0.3417,      0.0772,     -2.2062,     -0.0394,
              2.4956,     -0.0548],
        [     0.1419,      0.3416,      0.0802,     -2.2061,     -0.0394,
              2.4957,     -0.0547],
        [     0.1426,      0.3416,      0.0835,     -2.2060,     -0.0394,
              2.4957,     -0.0545],
        [     0.1435,      0.3415,      0.0883,     -2.2059,     -0.0393,
              2.4957,     -0.0538],
        [     0.1442,      0.3414,      0.0919,     -2.2058,     -0.0393,
              2.4957,     -0.0529],
        [     0.1448,      0.3414,      0.0958,     -2.2058,     -0.0393,
              2.4958,     -0.0516],
        [     0.1454,      0.3413,      0.0998,     -2.2057,     -0.0393,
              2.4958,     -0.0499],
        [     0.1464,      0.3413,      0.1057,     -2.2055,     -0.0393,
              2.4958,     -0.0462],
        [     0.1470,      0.3412,      0.1099,     -2.2055,     -0.0393,
              2.4958,     -0.0428],
        [     0.1479,      0.3412,      0.1155,     -2.2054,     -0.0393,
              2.4958,     -0.0379],
        [     0.1486,      0.3411,      0.1199,     -2.2053,     -0.0393,
              2.4958,     -0.0341],
        [     0.1493,      0.3411,      0.1245,     -2.2053,     -0.0393,
              2.4958,     -0.0300],
        [     0.1501,      0.3410,      0.1297,     -2.2052,     -0.0393,
              2.4958,     -0.0251],
        [     0.1509,      0.3410,      0.1343,     -2.2052,     -0.0393,
              2.4958,     -0.0204],
        [     0.1519,      0.3409,      0.1407,     -2.2052,     -0.0393,
              2.4958,     -0.0147],
        [     0.1527,      0.3409,      0.1454,     -2.2052,     -0.0393,
              2.4958,     -0.0107],
        [     0.1537,      0.3409,      0.1510,     -2.2052,     -0.0393,
              2.4958,     -0.0062],
        [     0.1546,      0.3408,      0.1559,     -2.2052,     -0.0393,
              2.4958,     -0.0023],
        [     0.1556,      0.3408,      0.1608,     -2.2052,     -0.0393,
              2.4958,      0.0014],
        [     0.1569,      0.3408,      0.1674,     -2.2052,     -0.0393,
              2.4958,      0.0056],
        [     0.1581,      0.3408,      0.1728,     -2.2052,     -0.0393,
              2.4958,      0.0089],
        [     0.1593,      0.3408,      0.1777,     -2.2052,     -0.0393,
              2.4958,      0.0121],
        [     0.1606,      0.3407,      0.1825,     -2.2052,     -0.0393,
              2.4958,      0.0153],
        [     0.1619,      0.3407,      0.1873,     -2.2052,     -0.0393,
              2.4958,      0.0186],
        [     0.1637,      0.3406,      0.1937,     -2.2052,     -0.0393,
              2.4960,      0.0225],
        [     0.1652,      0.3405,      0.1990,     -2.2052,     -0.0393,
              2.4962,      0.0255],
        [     0.1666,      0.3404,      0.2039,     -2.2052,     -0.0393,
              2.4963,      0.0284],
        [     0.1681,      0.3403,      0.2086,     -2.2052,     -0.0393,
              2.4965,      0.0317],
        [     0.1695,      0.3401,      0.2134,     -2.2052,     -0.0393,
              2.4967,      0.0353],
        [     0.1712,      0.3398,      0.2186,     -2.2052,     -0.0393,
              2.4968,      0.0390],
        [     0.1732,      0.3396,      0.2247,     -2.2051,     -0.0393,
              2.4969,      0.0432],
        [     0.1749,      0.3393,      0.2293,     -2.2051,     -0.0393,
              2.4970,      0.0464],
        [     0.1765,      0.3390,      0.2338,     -2.2051,     -0.0393,
              2.4970,      0.0499],
        [     0.1781,      0.3387,      0.2383,     -2.2051,     -0.0393,
              2.4970,      0.0537],
        [     0.1799,      0.3384,      0.2433,     -2.2051,     -0.0393,
              2.4969,      0.0579],
        [     0.1820,      0.3379,      0.2491,     -2.2051,     -0.0393,
              2.4969,      0.0624],
        [     0.1835,      0.3376,      0.2534,     -2.2051,     -0.0393,
              2.4968,      0.0657],
        [     0.1851,      0.3372,      0.2577,     -2.2051,     -0.0393,
              2.4967,      0.0693],
        [     0.1869,      0.3369,      0.2622,     -2.2051,     -0.0393,
              2.4965,      0.0733],
        [     0.1885,      0.3365,      0.2663,     -2.2051,     -0.0393,
              2.4961,      0.0765],
        [     0.1901,      0.3361,      0.2702,     -2.2051,     -0.0393,
              2.4956,      0.0793],
        [     0.1922,      0.3356,      0.2754,     -2.2051,     -0.0393,
              2.4949,      0.0826],
        [     0.1937,      0.3352,      0.2793,     -2.2052,     -0.0393,
              2.4944,      0.0849],
        [     0.1958,      0.3346,      0.2849,     -2.2052,     -0.0393,
              2.4937,      0.0887],
        [     0.1973,      0.3342,      0.2886,     -2.2052,     -0.0393,
              2.4934,      0.0916],
        [     0.1987,      0.3338,      0.2923,     -2.2052,     -0.0393,
              2.4931,      0.0948],
        [     0.2001,      0.3333,      0.2959,     -2.2052,     -0.0392,
              2.4929,      0.0980],
        [     0.2017,      0.3328,      0.2997,     -2.2053,     -0.0392,
              2.4927,      0.1017],
        [     0.2035,      0.3321,      0.3042,     -2.2053,     -0.0392,
              2.4927,      0.1061],
        [     0.2047,      0.3316,      0.3076,     -2.2053,     -0.0392,
              2.4927,      0.1096],
        [     0.2060,      0.3310,      0.3108,     -2.2053,     -0.0392,
              2.4927,      0.1132],
        [     0.2073,      0.3304,      0.3142,     -2.2054,     -0.0392,
              2.4927,      0.1171],
        [     0.2084,      0.3298,      0.3172,     -2.2053,     -0.0392,
              2.4927,      0.1204],
        [     0.2098,      0.3288,      0.3210,     -2.2054,     -0.0392,
              2.4927,      0.1245],
        [     0.2108,      0.3282,      0.3234,     -2.2054,     -0.0392,
              2.4928,      0.1273],
        [     0.2119,      0.3274,      0.3261,     -2.2054,     -0.0392,
              2.4928,      0.1309],
        [     0.2130,      0.3265,      0.3287,     -2.2054,     -0.0392,
              2.4929,      0.1343],
        [     0.2140,      0.3256,      0.3310,     -2.2054,     -0.0392,
              2.4930,      0.1372],
        [     0.2152,      0.3244,      0.3338,     -2.2054,     -0.0392,
              2.4930,      0.1405],
        [     0.2161,      0.3234,      0.3358,     -2.2053,     -0.0392,
              2.4930,      0.1425],
        [     0.2170,      0.3223,      0.3378,     -2.2054,     -0.0392,
              2.4930,      0.1446],
        [     0.2178,      0.3212,      0.3394,     -2.2054,     -0.0392,
              2.4930,      0.1465],
        [     0.2186,      0.3201,      0.3410,     -2.2054,     -0.0392,
              2.4930,      0.1484],
        [     0.2194,      0.3185,      0.3429,     -2.2054,     -0.0392,
              2.4929,      0.1508],
        [     0.2200,      0.3171,      0.3444,     -2.2054,     -0.0392,
              2.4929,      0.1525],
        [     0.2205,      0.3158,      0.3455,     -2.2054,     -0.0392,
              2.4929,      0.1538],
        [     0.2209,      0.3145,      0.3466,     -2.2054,     -0.0392,
              2.4929,      0.1549],
        [     0.2213,      0.3126,      0.3477,     -2.2054,     -0.0392,
              2.4929,      0.1560],
        [     0.2216,      0.3111,      0.3483,     -2.2054,     -0.0392,
              2.4928,      0.1568],
        [     0.2218,      0.3094,      0.3488,     -2.2054,     -0.0392,
              2.4927,      0.1576],
        [     0.2220,      0.3072,      0.3492,     -2.2054,     -0.0392,
              2.4925,      0.1584],
        [     0.2220,      0.3055,      0.3493,     -2.2054,     -0.0392,
              2.4922,      0.1589],
        [     0.2220,      0.3036,      0.3493,     -2.2055,     -0.0392,
              2.4920,      0.1592],
        [     0.2219,      0.3016,      0.3492,     -2.2055,     -0.0392,
              2.4919,      0.1594],
        [     0.2218,      0.2997,      0.3489,     -2.2055,     -0.0392,
              2.4917,      0.1595],
        [     0.2217,      0.2971,      0.3483,     -2.2054,     -0.0392,
              2.4914,      0.1595],
        [     0.2215,      0.2951,      0.3477,     -2.2054,     -0.0392,
              2.4911,      0.1595],
        [     0.2213,      0.2928,      0.3470,     -2.2055,     -0.0392,
              2.4908,      0.1595],
        [     0.2209,      0.2900,      0.3460,     -2.2055,     -0.0392,
              2.4905,      0.1596],
        [     0.2205,      0.2880,      0.3452,     -2.2055,     -0.0392,
              2.4903,      0.1596],
        [     0.2201,      0.2859,      0.3444,     -2.2054,     -0.0392,
              2.4900,      0.1596],
        [     0.2195,      0.2837,      0.3436,     -2.2054,     -0.0391,
              2.4897,      0.1596],
        [     0.2187,      0.2812,      0.3428,     -2.2055,     -0.0391,
              2.4894,      0.1596],
        [     0.2176,      0.2781,      0.3417,     -2.2055,     -0.0391,
              2.4889,      0.1596],
        [     0.2167,      0.2759,      0.3409,     -2.2054,     -0.0391,
              2.4884,      0.1596],
        [     0.2158,      0.2736,      0.3401,     -2.2054,     -0.0391,
              2.4878,      0.1595],
        [     0.2148,      0.2711,      0.3392,     -2.2053,     -0.0391,
              2.4871,      0.1595],
        [     0.2138,      0.2688,      0.3383,     -2.2053,     -0.0391,
              2.4865,      0.1595],
        [     0.2129,      0.2665,      0.3373,     -2.2053,     -0.0391,
              2.4857,      0.1595],
        [     0.2116,      0.2635,      0.3360,     -2.2053,     -0.0391,
              2.4846,      0.1594],
        [     0.2107,      0.2611,      0.3348,     -2.2053,     -0.0391,
              2.4836,      0.1592],
        [     0.2098,      0.2588,      0.3338,     -2.2053,     -0.0391,
              2.4828,      0.1589],
        [     0.2088,      0.2565,      0.3328,     -2.2052,     -0.0391,
              2.4822,      0.1586],
        [     0.2075,      0.2536,      0.3315,     -2.2052,     -0.0391,
              2.4817,      0.1580],
        [     0.2064,      0.2513,      0.3307,     -2.2052,     -0.0391,
              2.4814,      0.1575],
        [     0.2051,      0.2488,      0.3298,     -2.2051,     -0.0391,
              2.4812,      0.1569],
        [     0.2039,      0.2466,      0.3290,     -2.2051,     -0.0391,
              2.4811,      0.1566],
        [     0.2027,      0.2444,      0.3283,     -2.2049,     -0.0391,
              2.4811,      0.1564],
        [     0.2011,      0.2415,      0.3273,     -2.2046,     -0.0391,
              2.4812,      0.1563],
        [     0.1998,      0.2391,      0.3264,     -2.2043,     -0.0391,
              2.4812,      0.1563],
        [     0.1987,      0.2370,      0.3256,     -2.2040,     -0.0391,
              2.4812,      0.1562],
        [     0.1976,      0.2348,      0.3248,     -2.2036,     -0.0391,
              2.4812,      0.1561],
        [     0.1965,      0.2328,      0.3241,     -2.2031,     -0.0391,
              2.4811,      0.1561],
        [     0.1949,      0.2298,      0.3230,     -2.2022,     -0.0390,
              2.4810,      0.1561],
        [     0.1937,      0.2277,      0.3224,     -2.2016,     -0.0390,
              2.4809,      0.1561],
        [     0.1926,      0.2256,      0.3218,     -2.2010,     -0.0390,
              2.4806,      0.1561],
        [     0.1911,      0.2228,      0.3210,     -2.2000,     -0.0387,
              2.4800,      0.1561],
        [     0.1899,      0.2208,      0.3204,     -2.1992,     -0.0384,
              2.4792,      0.1561],
        [     0.1887,      0.2186,      0.3199,     -2.1981,     -0.0380,
              2.4780,      0.1561],
        [     0.1876,      0.2167,      0.3193,     -2.1970,     -0.0376,
              2.4767,      0.1561],
        [     0.1865,      0.2148,      0.3188,     -2.1958,     -0.0374,
              2.4749,      0.1560],
        [     0.1850,      0.2122,      0.3181,     -2.1941,     -0.0369,
              2.4723,      0.1561],
        [     0.1839,      0.2102,      0.3174,     -2.1926,     -0.0364,
              2.4698,      0.1561],
        [     0.1828,      0.2083,      0.3168,     -2.1911,     -0.0359,
              2.4674,      0.1560],
        [     0.1819,      0.2065,      0.3162,     -2.1897,     -0.0355,
              2.4647,      0.1561],
        [     0.1809,      0.2045,      0.3156,     -2.1882,     -0.0350,
              2.4619,      0.1561],
        [     0.1796,      0.2018,      0.3146,     -2.1862,     -0.0344,
              2.4586,      0.1561],
        [     0.1786,      0.1996,      0.3136,     -2.1846,     -0.0337,
              2.4561,      0.1561],
        [     0.1778,      0.1976,      0.3127,     -2.1831,     -0.0332,
              2.4539,      0.1561],
        [     0.1769,      0.1950,      0.3113,     -2.1809,     -0.0325,
              2.4510,      0.1561],
        [     0.1763,      0.1930,      0.3101,     -2.1793,     -0.0320,
              2.4489,      0.1561],
        [     0.1758,      0.1906,      0.3087,     -2.1776,     -0.0316,
              2.4468,      0.1560],
        [     0.1754,      0.1885,      0.3072,     -2.1761,     -0.0314,
              2.4453,      0.1560],
        [     0.1751,      0.1863,      0.3057,     -2.1747,     -0.0313,
              2.4440,      0.1557],
        [     0.1749,      0.1841,      0.3041,     -2.1733,     -0.0313,
              2.4429,      0.1553],
        [     0.1747,      0.1812,      0.3021,     -2.1714,     -0.0313,
              2.4419,      0.1545],
        [     0.1746,      0.1786,      0.3001,     -2.1699,     -0.0313,
              2.4414,      0.1536],
        [     0.1746,      0.1768,      0.2987,     -2.1688,     -0.0313,
              2.4412,      0.1529],
        [     0.1746,      0.1738,      0.2964,     -2.1672,     -0.0313,
              2.4412,      0.1517],
        [     0.1746,      0.1713,      0.2944,     -2.1660,     -0.0313,
              2.4411,      0.1507],
        [     0.1747,      0.1676,      0.2915,     -2.1643,     -0.0313,
              2.4411,      0.1492],
        [     0.1746,      0.1649,      0.2895,     -2.1631,     -0.0313,
              2.4411,      0.1481],
        [     0.1746,      0.1622,      0.2874,     -2.1621,     -0.0313,
              2.4411,      0.1470],
        [     0.1746,      0.1594,      0.2852,     -2.1612,     -0.0313,
              2.4411,      0.1459],
        [     0.1747,      0.1566,      0.2830,     -2.1603,     -0.0313,
              2.4410,      0.1446],
        [     0.1747,      0.1524,      0.2798,     -2.1590,     -0.0313,
              2.4410,      0.1425],
        [     0.1747,      0.1497,      0.2778,     -2.1582,     -0.0313,
              2.4410,      0.1410],
        [     0.1746,      0.1464,      0.2753,     -2.1574,     -0.0313,
              2.4410,      0.1390],
        [     0.1747,      0.1433,      0.2730,     -2.1566,     -0.0313,
              2.4410,      0.1370],
        [     0.1747,      0.1399,      0.2705,     -2.1559,     -0.0313,
              2.4409,      0.1349],
        [     0.1747,      0.1365,      0.2681,     -2.1552,     -0.0313,
              2.4408,      0.1333],
        [     0.1747,      0.1321,      0.2649,     -2.1546,     -0.0313,
              2.4406,      0.1318],
        [     0.1746,      0.1288,      0.2624,     -2.1541,     -0.0313,
              2.4405,      0.1312],
        [     0.1746,      0.1255,      0.2597,     -2.1537,     -0.0313,
              2.4402,      0.1306],
        [     0.1746,      0.1216,      0.2567,     -2.1533,     -0.0313,
              2.4397,      0.1301],
        [     0.1746,      0.1179,      0.2540,     -2.1531,     -0.0312,
              2.4391,      0.1299],
        [     0.1745,      0.1133,      0.2502,     -2.1529,     -0.0312,
              2.4384,      0.1297],
        [     0.1745,      0.1098,      0.2474,     -2.1528,     -0.0312,
              2.4377,      0.1295],
        [     0.1746,      0.1057,      0.2443,     -2.1528,     -0.0312,
              2.4369,      0.1293],
        [     0.1746,      0.1021,      0.2414,     -2.1528,     -0.0312,
              2.4362,      0.1291],
        [     0.1745,      0.0974,      0.2377,     -2.1528,     -0.0312,
              2.4350,      0.1287],
        [     0.1744,      0.0937,      0.2348,     -2.1528,     -0.0312,
              2.4340,      0.1281],
        [     0.1744,      0.0897,      0.2316,     -2.1528,     -0.0312,
              2.4327,      0.1272],
        [     0.1744,      0.0861,      0.2287,     -2.1528,     -0.0312,
              2.4314,      0.1261],
        [     0.1743,      0.0824,      0.2258,     -2.1529,     -0.0312,
              2.4301,      0.1248],
        [     0.1742,      0.0788,      0.2230,     -2.1529,     -0.0312,
              2.4285,      0.1231],
        [     0.1742,      0.0743,      0.2192,     -2.1529,     -0.0312,
              2.4263,      0.1203],
        [     0.1741,      0.0704,      0.2161,     -2.1529,     -0.0312,
              2.4243,      0.1173],
        [     0.1739,      0.0655,      0.2124,     -2.1530,     -0.0311,
              2.4221,      0.1139],
        [     0.1736,      0.0621,      0.2096,     -2.1531,     -0.0310,
              2.4206,      0.1119],
        [     0.1732,      0.0589,      0.2068,     -2.1531,     -0.0307,
              2.4192,      0.1102],
        [     0.1728,      0.0552,      0.2038,     -2.1531,     -0.0304,
              2.4176,      0.1087],
        [     0.1724,      0.0519,      0.2012,     -2.1532,     -0.0301,
              2.4161,      0.1076],
        [     0.1718,      0.0487,      0.1987,     -2.1532,     -0.0298,
              2.4149,      0.1068],
        [     0.1708,      0.0445,      0.1956,     -2.1532,     -0.0293,
              2.4137,      0.1059],
        [     0.1699,      0.0414,      0.1934,     -2.1532,     -0.0290,
              2.4130,      0.1053],
        [     0.1688,      0.0380,      0.1911,     -2.1531,     -0.0287,
              2.4123,      0.1046],
        [     0.1676,      0.0351,      0.1893,     -2.1531,     -0.0285,
              2.4119,      0.1038],
        [     0.1663,      0.0321,      0.1876,     -2.1530,     -0.0283,
              2.4117,      0.1030],
        [     0.1642,      0.0282,      0.1856,     -2.1529,     -0.0280,
              2.4116,      0.1020],
        [     0.1622,      0.0253,      0.1843,     -2.1528,     -0.0279,
              2.4116,      0.1010],
        [     0.1602,      0.0226,      0.1832,     -2.1527,     -0.0278,
              2.4116,      0.0998],
        [     0.1583,      0.0200,      0.1822,     -2.1526,     -0.0277,
              2.4116,      0.0985],
        [     0.1561,      0.0173,      0.1812,     -2.1525,     -0.0275,
              2.4115,      0.0975],
        [     0.1537,      0.0147,      0.1804,     -2.1524,     -0.0273,
              2.4114,      0.0967],
        [     0.1499,      0.0112,      0.1793,     -2.1522,     -0.0269,
              2.4109,      0.0959],
        [     0.1472,      0.0088,      0.1787,     -2.1520,     -0.0267,
              2.4104,      0.0953],
        [     0.1445,      0.0064,      0.1781,     -2.1518,     -0.0264,
              2.4096,      0.0946],
        [     0.1415,      0.0042,      0.1777,     -2.1515,     -0.0263,
              2.4082,      0.0939],
        [     0.1381,      0.0018,      0.1774,     -2.1511,     -0.0261,
              2.4060,      0.0928],
        [     0.1338,     -0.0008,      0.1772,     -2.1506,     -0.0261,
              2.4025,      0.0913],
        [     0.1306,     -0.0027,      0.1772,     -2.1501,     -0.0261,
              2.3996,      0.0897],
        [     0.1273,     -0.0046,      0.1772,     -2.1496,     -0.0261,
              2.3961,      0.0879],
        [     0.1234,     -0.0065,      0.1773,     -2.1489,     -0.0261,
              2.3914,      0.0856],
        [     0.1200,     -0.0083,      0.1772,     -2.1482,     -0.0261,
              2.3864,      0.0830],
        [     0.1164,     -0.0100,      0.1772,     -2.1476,     -0.0261,
              2.3811,      0.0799],
        [     0.1115,     -0.0121,      0.1774,     -2.1465,     -0.0261,
              2.3730,      0.0753],
        [     0.1077,     -0.0135,      0.1775,     -2.1456,     -0.0261,
              2.3663,      0.0717],
        [     0.1036,     -0.0150,      0.1775,     -2.1444,     -0.0261,
              2.3584,      0.0678],
        [     0.0997,     -0.0162,      0.1775,     -2.1432,     -0.0261,
              2.3513,      0.0643],
        [     0.0958,     -0.0173,      0.1774,     -2.1419,     -0.0260,
              2.3442,      0.0605],
        [     0.0904,     -0.0186,      0.1774,     -2.1402,     -0.0259,
              2.3350,      0.0556],
        [     0.0858,     -0.0197,      0.1775,     -2.1388,     -0.0257,
              2.3277,      0.0521],
        [     0.0816,     -0.0206,      0.1775,     -2.1374,     -0.0254,
              2.3216,      0.0494],
        [     0.0775,     -0.0213,      0.1775,     -2.1361,     -0.0251,
              2.3162,      0.0470],
        [     0.0733,     -0.0221,      0.1775,     -2.1347,     -0.0248,
              2.3113,      0.0447],
        [     0.0689,     -0.0227,      0.1774,     -2.1333,     -0.0246,
              2.3070,      0.0424],
        [     0.0631,     -0.0234,      0.1774,     -2.1314,     -0.0244,
              2.3024,      0.0391],
        [     0.0582,     -0.0239,      0.1774,     -2.1297,     -0.0242,
              2.2997,      0.0362],
        [     0.0539,     -0.0243,      0.1774,     -2.1282,     -0.0242,
              2.2980,      0.0337],
        [     0.0495,     -0.0246,      0.1774,     -2.1267,     -0.0241,
              2.2970,      0.0315],
        [     0.0449,     -0.0248,      0.1773,     -2.1253,     -0.0240,
              2.2966,      0.0294],
        [     0.0384,     -0.0251,      0.1772,     -2.1231,     -0.0240,
              2.2966,      0.0262],
        [     0.0338,     -0.0252,      0.1772,     -2.1215,     -0.0240,
              2.2968,      0.0236],
        [     0.0291,     -0.0253,      0.1772,     -2.1199,     -0.0240,
              2.2970,      0.0206],
        [     0.0245,     -0.0254,      0.1772,     -2.1182,     -0.0240,
              2.2973,      0.0171],
        [     0.0177,     -0.0254,      0.1770,     -2.1156,     -0.0240,
              2.2978,      0.0118],
        [     0.0129,     -0.0253,      0.1770,     -2.1137,     -0.0240,
              2.2980,      0.0080],
        [     0.0081,     -0.0253,      0.1770,     -2.1119,     -0.0240,
              2.2981,      0.0038],
        [     0.0033,     -0.0253,      0.1770,     -2.1101,     -0.0240,
              2.2982,     -0.0008],
        [    -0.0020,     -0.0253,      0.1770,     -2.1082,     -0.0240,
              2.2982,     -0.0061],
        [    -0.0084,     -0.0254,      0.1769,     -2.1059,     -0.0240,
              2.2981,     -0.0124],
        [    -0.0132,     -0.0254,      0.1769,     -2.1043,     -0.0240,
              2.2981,     -0.0172],
        [    -0.0180,     -0.0254,      0.1769,     -2.1026,     -0.0240,
              2.2980,     -0.0223],
        [    -0.0249,     -0.0254,      0.1769,     -2.1004,     -0.0240,
              2.2978,     -0.0293],
        [    -0.0296,     -0.0254,      0.1769,     -2.0990,     -0.0240,
              2.2977,     -0.0341],
        [    -0.0345,     -0.0254,      0.1768,     -2.0977,     -0.0240,
              2.2977,     -0.0390],
        [    -0.0394,     -0.0254,      0.1768,     -2.0965,     -0.0240,
              2.2976,     -0.0438],
        [    -0.0443,     -0.0254,      0.1767,     -2.0953,     -0.0240,
              2.2975,     -0.0484],
        [    -0.0512,     -0.0254,      0.1767,     -2.0937,     -0.0240,
              2.2974,     -0.0545],
        [    -0.0560,     -0.0254,      0.1767,     -2.0927,     -0.0240,
              2.2973,     -0.0588],
        [    -0.0608,     -0.0254,      0.1766,     -2.0918,     -0.0240,
              2.2972,     -0.0629],
        [    -0.0672,     -0.0254,      0.1764,     -2.0907,     -0.0240,
              2.2971,     -0.0678],
        [    -0.0725,     -0.0254,      0.1764,     -2.0899,     -0.0240,
              2.2970,     -0.0715],
        [    -0.0772,     -0.0254,      0.1763,     -2.0893,     -0.0240,
              2.2969,     -0.0748],
        [    -0.0818,     -0.0254,      0.1762,     -2.0888,     -0.0240,
              2.2969,     -0.0782],
        [    -0.0865,     -0.0254,      0.1761,     -2.0883,     -0.0240,
              2.2969,     -0.0817],
        [    -0.0925,     -0.0254,      0.1759,     -2.0878,     -0.0240,
              2.2969,     -0.0860],
        [    -0.0970,     -0.0254,      0.1758,     -2.0876,     -0.0240,
              2.2969,     -0.0890],
        [    -0.1019,     -0.0254,      0.1757,     -2.0875,     -0.0240,
              2.2969,     -0.0923],
        [    -0.1062,     -0.0254,      0.1756,     -2.0874,     -0.0240,
              2.2969,     -0.0955],
        [    -0.1119,     -0.0254,      0.1754,     -2.0875,     -0.0240,
              2.2969,     -0.1003],
        [    -0.1166,     -0.0253,      0.1752,     -2.0875,     -0.0240,
              2.2968,     -0.1042],
        [    -0.1208,     -0.0253,      0.1750,     -2.0876,     -0.0240,
              2.2968,     -0.1073],
        [    -0.1249,     -0.0253,      0.1748,     -2.0877,     -0.0240,
              2.2968,     -0.1103],
        [    -0.1290,     -0.0252,      0.1747,     -2.0878,     -0.0240,
              2.2967,     -0.1131],
        [    -0.1343,     -0.0251,      0.1745,     -2.0880,     -0.0240,
              2.2967,     -0.1170],
        [    -0.1386,     -0.0250,      0.1742,     -2.0881,     -0.0240,
              2.2967,     -0.1203],
        [    -0.1425,     -0.0249,      0.1740,     -2.0882,     -0.0240,
              2.2967,     -0.1232],
        [    -0.1463,     -0.0249,      0.1737,     -2.0883,     -0.0240,
              2.2967,     -0.1259],
        [    -0.1501,     -0.0248,      0.1735,     -2.0885,     -0.0240,
              2.2967,     -0.1287],
        [    -0.1555,     -0.0247,      0.1733,     -2.0886,     -0.0240,
              2.2967,     -0.1325],
        [    -0.1591,     -0.0247,      0.1732,     -2.0886,     -0.0240,
              2.2967,     -0.1353],
        [    -0.1628,     -0.0246,      0.1732,     -2.0886,     -0.0240,
              2.2967,     -0.1382],
        [    -0.1665,     -0.0245,      0.1731,     -2.0886,     -0.0240,
              2.2967,     -0.1410],
        [    -0.1701,     -0.0245,      0.1730,     -2.0886,     -0.0240,
              2.2967,     -0.1436],
        [    -0.1741,     -0.0245,      0.1729,     -2.0886,     -0.0240,
              2.2968,     -0.1462],
        [    -0.1789,     -0.0245,      0.1728,     -2.0886,     -0.0240,
              2.2969,     -0.1492],
        [    -0.1823,     -0.0245,      0.1728,     -2.0885,     -0.0240,
              2.2970,     -0.1514],
        [    -0.1858,     -0.0245,      0.1728,     -2.0885,     -0.0240,
              2.2972,     -0.1540],
        [    -0.1896,     -0.0245,      0.1727,     -2.0885,     -0.0240,
              2.2974,     -0.1574],
        [    -0.1942,     -0.0246,      0.1727,     -2.0884,     -0.0240,
              2.2976,     -0.1618],
        [    -0.1975,     -0.0246,      0.1726,     -2.0883,     -0.0240,
              2.2977,     -0.1652],
        [    -0.2008,     -0.0246,      0.1726,     -2.0882,     -0.0240,
              2.2979,     -0.1685],
        [    -0.2040,     -0.0246,      0.1726,     -2.0881,     -0.0240,
              2.2980,     -0.1721],
        [    -0.2084,     -0.0246,      0.1725,     -2.0879,     -0.0240,
              2.2981,     -0.1781],
        [    -0.2113,     -0.0246,      0.1725,     -2.0878,     -0.0240,
              2.2982,     -0.1823],
        [    -0.2153,     -0.0246,      0.1724,     -2.0877,     -0.0240,
              2.2983,     -0.1873],
        [    -0.2183,     -0.0246,      0.1724,     -2.0876,     -0.0240,
              2.2983,     -0.1905],
        [    -0.2216,     -0.0246,      0.1723,     -2.0874,     -0.0240,
              2.2984,     -0.1937],
        [    -0.2244,     -0.0246,      0.1722,     -2.0873,     -0.0240,
              2.2984,     -0.1964],
        [    -0.2282,     -0.0246,      0.1722,     -2.0872,     -0.0240,
              2.2984,     -0.1993],
        [    -0.2311,     -0.0246,      0.1721,     -2.0871,     -0.0240,
              2.2984,     -0.2010],
        [    -0.2341,     -0.0246,      0.1721,     -2.0871,     -0.0240,
              2.2984,     -0.2025],
        [    -0.2369,     -0.0246,      0.1720,     -2.0870,     -0.0240,
              2.2984,     -0.2034],
        [    -0.2396,     -0.0246,      0.1718,     -2.0870,     -0.0240,
              2.2984,     -0.2041],
        [    -0.2431,     -0.0246,      0.1716,     -2.0870,     -0.0240,
              2.2984,     -0.2048],
        [    -0.2457,     -0.0246,      0.1712,     -2.0870,     -0.0240,
              2.2984,     -0.2053],
        [    -0.2483,     -0.0246,      0.1708,     -2.0870,     -0.0240,
              2.2984,     -0.2060],
        [    -0.2506,     -0.0246,      0.1703,     -2.0870,     -0.0240,
              2.2984,     -0.2068],
        [    -0.2528,     -0.0246,      0.1697,     -2.0870,     -0.0240,
              2.2984,     -0.2076],
        [    -0.2557,     -0.0246,      0.1688,     -2.0870,     -0.0240,
              2.2984,     -0.2089],
        [    -0.2579,     -0.0246,      0.1679,     -2.0870,     -0.0240,
              2.2984,     -0.2103],
        [    -0.2603,     -0.0246,      0.1665,     -2.0870,     -0.0240,
              2.2984,     -0.2119],
        [    -0.2618,     -0.0246,      0.1651,     -2.0870,     -0.0240,
              2.2984,     -0.2128],
        [    -0.2633,     -0.0246,      0.1636,     -2.0870,     -0.0240,
              2.2984,     -0.2135],
        [    -0.2646,     -0.0246,      0.1620,     -2.0870,     -0.0240,
              2.2984,     -0.2143],
        [    -0.2661,     -0.0246,      0.1600,     -2.0870,     -0.0240,
              2.2984,     -0.2151],
        [    -0.2676,     -0.0246,      0.1573,     -2.0870,     -0.0239,
              2.2984,     -0.2155],
        [    -0.2686,     -0.0246,      0.1549,     -2.0870,     -0.0238,
              2.2984,     -0.2154],
        [    -0.2695,     -0.0246,      0.1523,     -2.0870,     -0.0237,
              2.2984,     -0.2155],
        [    -0.2702,     -0.0246,      0.1493,     -2.0870,     -0.0237,
              2.2984,     -0.2155],
        [    -0.2708,     -0.0246,      0.1465,     -2.0870,     -0.0237,
              2.2984,     -0.2156],
        [    -0.2712,     -0.0246,      0.1433,     -2.0870,     -0.0236,
              2.2984,     -0.2156],
        [    -0.2715,     -0.0246,      0.1400,     -2.0870,     -0.0236,
              2.2984,     -0.2156],
        [    -0.2717,     -0.0246,      0.1352,     -2.0870,     -0.0236,
              2.2984,     -0.2156],
        [    -0.2717,     -0.0246,      0.1309,     -2.0870,     -0.0235,
              2.2984,     -0.2156],
        [    -0.2717,     -0.0245,      0.1268,     -2.0870,     -0.0235,
              2.2984,     -0.2156],
        [    -0.2718,     -0.0245,      0.1211,     -2.0870,     -0.0235,
              2.2984,     -0.2156],
        [    -0.2718,     -0.0245,      0.1168,     -2.0870,     -0.0235,
              2.2984,     -0.2158],
        [    -0.2718,     -0.0245,      0.1119,     -2.0870,     -0.0235,
              2.2984,     -0.2164],
        [    -0.2717,     -0.0246,      0.1073,     -2.0870,     -0.0235,
              2.2984,     -0.2171],
        [    -0.2718,     -0.0245,      0.1012,     -2.0871,     -0.0235,
              2.2983,     -0.2184],
        [    -0.2718,     -0.0245,      0.0965,     -2.0871,     -0.0235,
              2.2983,     -0.2198],
        [    -0.2717,     -0.0245,      0.0915,     -2.0871,     -0.0235,
              2.2982,     -0.2214],
        [    -0.2717,     -0.0245,      0.0842,     -2.0871,     -0.0235,
              2.2978,     -0.2237],
        [    -0.2718,     -0.0245,      0.0792,     -2.0871,     -0.0235,
              2.2976,     -0.2255],
        [    -0.2718,     -0.0245,      0.0740,     -2.0871,     -0.0235,
              2.2973,     -0.2277],
        [    -0.2718,     -0.0245,      0.0687,     -2.0872,     -0.0235,
              2.2971,     -0.2302],
        [    -0.2718,     -0.0244,      0.0627,     -2.0872,     -0.0235,
              2.2968,     -0.2338],
        [    -0.2718,     -0.0243,      0.0556,     -2.0873,     -0.0235,
              2.2965,     -0.2389],
        [    -0.2720,     -0.0242,      0.0501,     -2.0874,     -0.0235,
              2.2962,     -0.2429],
        [    -0.2720,     -0.0239,      0.0444,     -2.0875,     -0.0235,
              2.2959,     -0.2470],
        [    -0.2720,     -0.0237,      0.0386,     -2.0876,     -0.0235,
              2.2954,     -0.2511],
        [    -0.2721,     -0.0233,      0.0303,     -2.0877,     -0.0235,
              2.2946,     -0.2576],
        [    -0.2722,     -0.0230,      0.0245,     -2.0878,     -0.0235,
              2.2938,     -0.2621],
        [    -0.2722,     -0.0226,      0.0187,     -2.0879,     -0.0235,
              2.2930,     -0.2663],
        [    -0.2723,     -0.0221,      0.0127,     -2.0881,     -0.0234,
              2.2921,     -0.2702],
        [    -0.2723,     -0.0215,      0.0063,     -2.0882,     -0.0233,
              2.2911,     -0.2742],
        [    -0.2724,     -0.0209,      0.0005,     -2.0883,     -0.0232,
              2.2901,     -0.2776],
        [    -0.2727,     -0.0198,     -0.0074,     -2.0884,     -0.0230,
              2.2891,     -0.2811],
        [    -0.2728,     -0.0188,     -0.0134,     -2.0884,     -0.0228,
              2.2885,     -0.2829],
        [    -0.2730,     -0.0176,     -0.0198,     -2.0884,     -0.0225,
              2.2881,     -0.2843],
        [    -0.2733,     -0.0161,     -0.0275,     -2.0885,     -0.0223,
              2.2880,     -0.2860],
        [    -0.2735,     -0.0147,     -0.0331,     -2.0884,     -0.0223,
              2.2880,     -0.2875],
        [    -0.2738,     -0.0132,     -0.0387,     -2.0884,     -0.0223,
              2.2881,     -0.2892],
        [    -0.2740,     -0.0117,     -0.0441,     -2.0884,     -0.0223,
              2.2882,     -0.2912],
        [    -0.2744,     -0.0100,     -0.0501,     -2.0884,     -0.0223,
              2.2884,     -0.2939],
        [    -0.2751,     -0.0076,     -0.0571,     -2.0884,     -0.0223,
              2.2889,     -0.2977],
        [    -0.2756,     -0.0056,     -0.0622,     -2.0884,     -0.0222,
              2.2893,     -0.3003],
        [    -0.2762,     -0.0036,     -0.0671,     -2.0883,     -0.0222,
              2.2899,     -0.3028],
        [    -0.2772,     -0.0005,     -0.0737,     -2.0882,     -0.0222,
              2.2909,     -0.3064],
        [    -0.2780,      0.0017,     -0.0781,     -2.0882,     -0.0223,
              2.2916,     -0.3092],
        [    -0.2789,      0.0041,     -0.0823,     -2.0882,     -0.0223,
              2.2924,     -0.3123],
        [    -0.2799,      0.0065,     -0.0863,     -2.0882,     -0.0223,
              2.2933,     -0.3157],
        [    -0.2810,      0.0090,     -0.0901,     -2.0882,     -0.0222,
              2.2943,     -0.3192],
        [    -0.2826,      0.0130,     -0.0953,     -2.0882,     -0.0222,
              2.2961,     -0.3241],
        [    -0.2836,      0.0159,     -0.0987,     -2.0882,     -0.0223,
              2.2977,     -0.3272],
        [    -0.2847,      0.0188,     -0.1019,     -2.0882,     -0.0223,
              2.2996,     -0.3304],
        [    -0.2861,      0.0229,     -0.1060,     -2.0882,     -0.0223,
              2.3026,     -0.3351],
        [    -0.2873,      0.0266,     -0.1092,     -2.0882,     -0.0223,
              2.3055,     -0.3388],
        [    -0.2884,      0.0299,     -0.1120,     -2.0882,     -0.0222,
              2.3085,     -0.3417],
        [    -0.2894,      0.0332,     -0.1146,     -2.0882,     -0.0222,
              2.3118,     -0.3443],
        [    -0.2906,      0.0367,     -0.1171,     -2.0882,     -0.0222,
              2.3154,     -0.3465],
        [    -0.2922,      0.0422,     -0.1204,     -2.0882,     -0.0223,
              2.3214,     -0.3493],
        [    -0.2933,      0.0460,     -0.1225,     -2.0882,     -0.0223,
              2.3262,     -0.3511],
        [    -0.2942,      0.0499,     -0.1246,     -2.0882,     -0.0222,
              2.3313,     -0.3527],
        [    -0.2954,      0.0553,     -0.1272,     -2.0881,     -0.0223,
              2.3385,     -0.3547],
        [    -0.2962,      0.0593,     -0.1290,     -2.0881,     -0.0222,
              2.3442,     -0.3560],
        [    -0.2971,      0.0641,     -0.1309,     -2.0881,     -0.0222,
              2.3507,     -0.3572],
        [    -0.2977,      0.0685,     -0.1325,     -2.0881,     -0.0223,
              2.3567,     -0.3582],
        [    -0.2983,      0.0729,     -0.1341,     -2.0881,     -0.0223,
              2.3628,     -0.3591],
        [    -0.2989,      0.0790,     -0.1363,     -2.0880,     -0.0222,
              2.3710,     -0.3600],
        [    -0.2992,      0.0841,     -0.1380,     -2.0879,     -0.0223,
              2.3778,     -0.3604],
        [    -0.2993,      0.0886,     -0.1395,     -2.0879,     -0.0223,
              2.3838,     -0.3606],
        [    -0.2994,      0.0934,     -0.1410,     -2.0878,     -0.0223,
              2.3898,     -0.3607],
        [    -0.2995,      0.0981,     -0.1423,     -2.0878,     -0.0223,
              2.3954,     -0.3608],
        [    -0.2994,      0.1052,     -0.1440,     -2.0878,     -0.0223,
              2.4031,     -0.3610],
        [    -0.2994,      0.1100,     -0.1451,     -2.0877,     -0.0223,
              2.4080,     -0.3611],
        [    -0.2994,      0.1149,     -0.1461,     -2.0876,     -0.0223,
              2.4124,     -0.3612],
        [    -0.2994,      0.1200,     -0.1471,     -2.0875,     -0.0223,
              2.4164,     -0.3614],
        [    -0.2993,      0.1270,     -0.1482,     -2.0874,     -0.0223,
              2.4212,     -0.3621],
        [    -0.2992,      0.1327,     -0.1489,     -2.0872,     -0.0223,
              2.4247,     -0.3629],
        [    -0.2991,      0.1377,     -0.1495,     -2.0872,     -0.0223,
              2.4276,     -0.3639],
        [    -0.2990,      0.1428,     -0.1500,     -2.0871,     -0.0223,
              2.4301,     -0.3651],
        [    -0.2990,      0.1481,     -0.1504,     -2.0871,     -0.0223,
              2.4324,     -0.3665],
        [    -0.2989,      0.1557,     -0.1507,     -2.0871,     -0.0223,
              2.4356,     -0.3690],
        [    -0.2989,      0.1608,     -0.1509,     -2.0870,     -0.0223,
              2.4378,     -0.3710],
        [    -0.2989,      0.1660,     -0.1510,     -2.0869,     -0.0223,
              2.4400,     -0.3731],
        [    -0.2988,      0.1731,     -0.1511,     -2.0868,     -0.0223,
              2.4432,     -0.3754],
        [    -0.2988,      0.1792,     -0.1511,     -2.0867,     -0.0223,
              2.4456,     -0.3770],
        [    -0.2987,      0.1845,     -0.1511,     -2.0865,     -0.0223,
              2.4476,     -0.3781],
        [    -0.2985,      0.1897,     -0.1511,     -2.0862,     -0.0223,
              2.4495,     -0.3788],
        [    -0.2984,      0.1951,     -0.1511,     -2.0859,     -0.0223,
              2.4513,     -0.3794],
        [    -0.2982,      0.2025,     -0.1511,     -2.0853,     -0.0223,
              2.4537,     -0.3801],
        [    -0.2980,      0.2085,     -0.1511,     -2.0848,     -0.0223,
              2.4558,     -0.3805],
        [    -0.2977,      0.2156,     -0.1511,     -2.0840,     -0.0223,
              2.4584,     -0.3809],
        [    -0.2975,      0.2209,     -0.1510,     -2.0834,     -0.0223,
              2.4607,     -0.3810],
        [    -0.2973,      0.2265,     -0.1510,     -2.0828,     -0.0223,
              2.4631,     -0.3810],
        [    -0.2970,      0.2319,     -0.1510,     -2.0820,     -0.0223,
              2.4657,     -0.3810],
        [    -0.2966,      0.2378,     -0.1510,     -2.0811,     -0.0223,
              2.4686,     -0.3810],
        [    -0.2962,      0.2448,     -0.1510,     -2.0798,     -0.0223,
              2.4723,     -0.3810],
        [    -0.2959,      0.2501,     -0.1510,     -2.0787,     -0.0223,
              2.4752,     -0.3810],
        [    -0.2956,      0.2554,     -0.1510,     -2.0775,     -0.0223,
              2.4781,     -0.3810],
        [    -0.2954,      0.2606,     -0.1509,     -2.0762,     -0.0223,
              2.4813,     -0.3810],
        [    -0.2952,      0.2663,     -0.1509,     -2.0747,     -0.0223,
              2.4848,     -0.3810],
        [    -0.2950,      0.2713,     -0.1509,     -2.0732,     -0.0223,
              2.4878,     -0.3810],
        [    -0.2947,      0.2779,     -0.1508,     -2.0712,     -0.0223,
              2.4917,     -0.3810],
        [    -0.2945,      0.2828,     -0.1508,     -2.0696,     -0.0223,
              2.4945,     -0.3811],
        [    -0.2943,      0.2875,     -0.1508,     -2.0679,     -0.0223,
              2.4972,     -0.3811],
        [    -0.2942,      0.2928,     -0.1508,     -2.0658,     -0.0223,
              2.5001,     -0.3811],
        [    -0.2940,      0.2973,     -0.1508,     -2.0638,     -0.0223,
              2.5024,     -0.3811],
        [    -0.2939,      0.3033,     -0.1507,     -2.0609,     -0.0223,
              2.5053,     -0.3811],
        [    -0.2938,      0.3078,     -0.1507,     -2.0587,     -0.0223,
              2.5072,     -0.3811],
        [    -0.2936,      0.3125,     -0.1507,     -2.0563,     -0.0223,
              2.5090,     -0.3811],
        [    -0.2936,      0.3166,     -0.1507,     -2.0540,     -0.0223,
              2.5107,     -0.3811],
        [    -0.2935,      0.3205,     -0.1507,     -2.0516,     -0.0223,
              2.5122,     -0.3811],
        [    -0.2935,      0.3243,     -0.1508,     -2.0493,     -0.0223,
              2.5135,     -0.3811],
        [    -0.2935,      0.3299,     -0.1509,     -2.0458,     -0.0223,
              2.5158,     -0.3811],
        [    -0.2935,      0.3336,     -0.1510,     -2.0435,     -0.0223,
              2.5175,     -0.3811],
        [    -0.2936,      0.3370,     -0.1511,     -2.0412,     -0.0223,
              2.5193,     -0.3810],
        [    -0.2936,      0.3401,     -0.1512,     -2.0390,     -0.0223,
              2.5209,     -0.3810],
        [    -0.2936,      0.3437,     -0.1515,     -2.0363,     -0.0223,
              2.5229,     -0.3810],
        [    -0.2936,      0.3480,     -0.1518,     -2.0328,     -0.0223,
              2.5255,     -0.3810],
        [    -0.2936,      0.3509,     -0.1521,     -2.0305,     -0.0223,
              2.5274,     -0.3810],
        [    -0.2936,      0.3536,     -0.1524,     -2.0283,     -0.0223,
              2.5294,     -0.3810],
        [    -0.2936,      0.3563,     -0.1528,     -2.0261,     -0.0223,
              2.5314,     -0.3809],
        [    -0.2937,      0.3589,     -0.1532,     -2.0238,     -0.0223,
              2.5339,     -0.3806],
        [    -0.2937,      0.3619,     -0.1538,     -2.0212,     -0.0223,
              2.5369,     -0.3804],
        [    -0.2937,      0.3640,     -0.1543,     -2.0194,     -0.0223,
              2.5392,     -0.3802],
        [    -0.2938,      0.3659,     -0.1548,     -2.0177,     -0.0223,
              2.5414,     -0.3801],
        [    -0.2938,      0.3676,     -0.1554,     -2.0161,     -0.0223,
              2.5434,     -0.3800],
        [    -0.2939,      0.3699,     -0.1562,     -2.0140,     -0.0223,
              2.5459,     -0.3799],
        [    -0.2940,      0.3713,     -0.1569,     -2.0126,     -0.0223,
              2.5472,     -0.3800],
        [    -0.2941,      0.3725,     -0.1576,     -2.0114,     -0.0223,
              2.5481,     -0.3800],
        [    -0.2942,      0.3736,     -0.1583,     -2.0103,     -0.0223,
              2.5489,     -0.3800],
        [    -0.2943,      0.3746,     -0.1591,     -2.0092,     -0.0223,
              2.5493,     -0.3800],
        [    -0.2945,      0.3756,     -0.1601,     -2.0081,     -0.0223,
              2.5494,     -0.3800],
        [    -0.2946,      0.3762,     -0.1608,     -2.0075,     -0.0223,
              2.5494,     -0.3800],
        [    -0.2948,      0.3766,     -0.1616,     -2.0072,     -0.0223,
              2.5494,     -0.3800],
        [    -0.2949,      0.3769,     -0.1624,     -2.0069,     -0.0223,
              2.5494,     -0.3800],
        [    -0.2951,      0.3771,     -0.1633,     -2.0068,     -0.0223,
              2.5494,     -0.3800],
        [    -0.2953,      0.3772,     -0.1644,     -2.0069,     -0.0223,
              2.5494,     -0.3801],
        [    -0.2955,      0.3772,     -0.1652,     -2.0069,     -0.0223,
              2.5494,     -0.3802],
        [    -0.2958,      0.3772,     -0.1659,     -2.0070,     -0.0223,
              2.5494,     -0.3803],
        [    -0.2961,      0.3771,     -0.1667,     -2.0071,     -0.0223,
              2.5494,     -0.3805],
        [    -0.2965,      0.3770,     -0.1675,     -2.0072,     -0.0223,
              2.5494,     -0.3809],
        [    -0.2968,      0.3770,     -0.1681,     -2.0072,     -0.0223,
              2.5494,     -0.3811],
        [    -0.2971,      0.3769,     -0.1686,     -2.0072,     -0.0223,
              2.5493,     -0.3814],
        [    -0.2974,      0.3769,     -0.1692,     -2.0072,     -0.0223,
              2.5492,     -0.3817],
        [    -0.2977,      0.3769,     -0.1697,     -2.0072,     -0.0223,
              2.5491,     -0.3820],
        [    -0.2980,      0.3769,     -0.1704,     -2.0072,     -0.0223,
              2.5489,     -0.3825],
        [    -0.2981,      0.3769,     -0.1709,     -2.0072,     -0.0223,
              2.5487,     -0.3828],
        [    -0.2983,      0.3769,     -0.1713,     -2.0072,     -0.0223,
              2.5486,     -0.3832],
        [    -0.2984,      0.3769,     -0.1718,     -2.0072,     -0.0223,
              2.5485,     -0.3835],
        [    -0.2985,      0.3769,     -0.1723,     -2.0073,     -0.0223,
              2.5484,     -0.3839],
        [    -0.2986,      0.3769,     -0.1728,     -2.0073,     -0.0223,
              2.5484,     -0.3845],
        [    -0.2987,      0.3769,     -0.1731,     -2.0074,     -0.0223,
              2.5483,     -0.3850],
        [    -0.2987,      0.3769,     -0.1735,     -2.0074,     -0.0223,
              2.5483,     -0.3856],
        [    -0.2987,      0.3769,     -0.1738,     -2.0075,     -0.0223,
              2.5483,     -0.3863],
        [    -0.2987,      0.3769,     -0.1740,     -2.0075,     -0.0223,
              2.5483,     -0.3870],
        [    -0.2987,      0.3769,     -0.1743,     -2.0076,     -0.0223,
              2.5484,     -0.3878],
        [    -0.2987,      0.3769,     -0.1746,     -2.0076,     -0.0223,
              2.5484,     -0.3889],
        [    -0.2987,      0.3769,     -0.1747,     -2.0076,     -0.0223,
              2.5484,     -0.3898],
        [    -0.2987,      0.3769,     -0.1748,     -2.0076,     -0.0223,
              2.5484,     -0.3905],
        [    -0.2987,      0.3769,     -0.1748,     -2.0076,     -0.0223,
              2.5485,     -0.3910],
        [    -0.2987,      0.3769,     -0.1748,     -2.0076,     -0.0223,
              2.5486,     -0.3913],
        [    -0.2986,      0.3769,     -0.1748,     -2.0076,     -0.0223,
              2.5487,     -0.3914],
        [    -0.2986,      0.3768,     -0.1748,     -2.0076,     -0.0223,
              2.5488,     -0.3914],
        [    -0.2985,      0.3768,     -0.1747,     -2.0076,     -0.0223,
              2.5488,     -0.3914],
        [    -0.2985,      0.3768,     -0.1747,     -2.0076,     -0.0223,
              2.5488,     -0.3914],
        [    -0.2984,      0.3767,     -0.1747,     -2.0076,     -0.0223,
              2.5488,     -0.3914],
        [    -0.2984,      0.3767,     -0.1746,     -2.0076,     -0.0223,
              2.5488,     -0.3914],
        [    -0.2984,      0.3766,     -0.1746,     -2.0076,     -0.0223,
              2.5488,     -0.3914],
        [    -0.2983,      0.3766,     -0.1745,     -2.0076,     -0.0223,
              2.5487,     -0.3914],
        [    -0.2983,      0.3765,     -0.1745,     -2.0076,     -0.0223,
              2.5487,     -0.3914],
        [    -0.2983,      0.3765,     -0.1745,     -2.0076,     -0.0222,
              2.5486,     -0.3914],
        [    -0.2983,      0.3765,     -0.1745,     -2.0076,     -0.0222,
              2.5486,     -0.3914],
        [    -0.2982,      0.3764,     -0.1745,     -2.0076,     -0.0222,
              2.5486,     -0.3914],
        [    -0.2982,      0.3764,     -0.1745,     -2.0076,     -0.0222,
              2.5485,     -0.3914],
        [    -0.2982,      0.3763,     -0.1744,     -2.0076,     -0.0222,
              2.5485,     -0.3914],
        [    -0.2982,      0.3763,     -0.1744,     -2.0077,     -0.0222,
              2.5485,     -0.3914],
        [    -0.2982,      0.3763,     -0.1744,     -2.0077,     -0.0222,
              2.5484,     -0.3914],
        [    -0.2982,      0.3762,     -0.1744,     -2.0077,     -0.0222,
              2.5483,     -0.3914],
        [    -0.2982,      0.3762,     -0.1744,     -2.0077,     -0.0222,
              2.5483,     -0.3914],
        [    -0.2982,      0.3762,     -0.1744,     -2.0078,     -0.0221,
              2.5481,     -0.3914],
        [    -0.2982,      0.3762,     -0.1744,     -2.0078,     -0.0220,
              2.5480,     -0.3914],
        [    -0.2982,      0.3761,     -0.1744,     -2.0078,     -0.0219,
              2.5479,     -0.3914],
        [    -0.2982,      0.3761,     -0.1744,     -2.0078,     -0.0218,
              2.5478,     -0.3914],
        [    -0.2982,      0.3761,     -0.1744,     -2.0079,     -0.0218,
              2.5476,     -0.3914],
        [    -0.2982,      0.3761,     -0.1744,     -2.0079,     -0.0217,
              2.5473,     -0.3914],
        [    -0.2982,      0.3761,     -0.1744,     -2.0079,     -0.0216,
              2.5471,     -0.3914],
        [    -0.2982,      0.3761,     -0.1744,     -2.0080,     -0.0215,
              2.5467,     -0.3913],
        [    -0.2982,      0.3761,     -0.1744,     -2.0080,     -0.0214,
              2.5461,     -0.3912],
        [    -0.2982,      0.3760,     -0.1744,     -2.0081,     -0.0211,
              2.5452,     -0.3910],
        [    -0.2982,      0.3760,     -0.1743,     -2.0081,     -0.0210,
              2.5446,     -0.3909],
        [    -0.2982,      0.3760,     -0.1743,     -2.0082,     -0.0208,
              2.5439,     -0.3909],
        [    -0.2982,      0.3760,     -0.1743,     -2.0082,     -0.0206,
              2.5433,     -0.3908],
        [    -0.2982,      0.3760,     -0.1743,     -2.0083,     -0.0204,
              2.5428,     -0.3908],
        [    -0.2982,      0.3760,     -0.1743,     -2.0083,     -0.0201,
              2.5424,     -0.3908],
        [    -0.2982,      0.3759,     -0.1743,     -2.0084,     -0.0197,
              2.5422,     -0.3907],
        [    -0.2982,      0.3759,     -0.1743,     -2.0084,     -0.0191,
              2.5421,     -0.3904],
        [    -0.2982,      0.3758,     -0.1743,     -2.0085,     -0.0185,
              2.5421,     -0.3900],
        [    -0.2982,      0.3758,     -0.1743,     -2.0085,     -0.0179,
              2.5421,     -0.3896],
        [    -0.2982,      0.3756,     -0.1743,     -2.0085,     -0.0171,
              2.5421,     -0.3892],
        [    -0.2982,      0.3754,     -0.1743,     -2.0085,     -0.0161,
              2.5422,     -0.3889],
        [    -0.2982,      0.3752,     -0.1743,     -2.0085,     -0.0154,
              2.5422,     -0.3888],
        [    -0.2982,      0.3749,     -0.1743,     -2.0085,     -0.0147,
              2.5422,     -0.3888],
        [    -0.2982,      0.3746,     -0.1743,     -2.0085,     -0.0139,
              2.5422,     -0.3888],
        [    -0.2982,      0.3742,     -0.1743,     -2.0085,     -0.0131,
              2.5422,     -0.3888],
        [    -0.2982,      0.3737,     -0.1743,     -2.0085,     -0.0120,
              2.5422,     -0.3888],
        [    -0.2982,      0.3733,     -0.1743,     -2.0085,     -0.0112,
              2.5421,     -0.3888],
        [    -0.2982,      0.3728,     -0.1743,     -2.0085,     -0.0104,
              2.5421,     -0.3888],
        [    -0.2982,      0.3722,     -0.1743,     -2.0085,     -0.0098,
              2.5421,     -0.3888],
        [    -0.2982,      0.3717,     -0.1743,     -2.0085,     -0.0094,
              2.5421,     -0.3889],
        [    -0.2982,      0.3709,     -0.1743,     -2.0085,     -0.0089,
              2.5421,     -0.3889],
        [    -0.2982,      0.3703,     -0.1743,     -2.0085,     -0.0087,
              2.5420,     -0.3890],
        [    -0.2982,      0.3696,     -0.1743,     -2.0085,     -0.0086,
              2.5418,     -0.3890],
        [    -0.2982,      0.3689,     -0.1743,     -2.0085,     -0.0085,
              2.5415,     -0.3890],
        [    -0.2982,      0.3682,     -0.1743,     -2.0085,     -0.0084,
              2.5412,     -0.3890],
        [    -0.2982,      0.3673,     -0.1743,     -2.0085,     -0.0084,
              2.5406,     -0.3890],
        [    -0.2982,      0.3665,     -0.1743,     -2.0085,     -0.0084,
              2.5400,     -0.3890],
        [    -0.2982,      0.3658,     -0.1743,     -2.0085,     -0.0084,
              2.5395,     -0.3890],
        [    -0.2982,      0.3651,     -0.1743,     -2.0085,     -0.0083,
              2.5389,     -0.3890],
        [    -0.2982,      0.3643,     -0.1742,     -2.0085,     -0.0082,
              2.5382,     -0.3890],
        [    -0.2982,      0.3634,     -0.1742,     -2.0085,     -0.0081,
              2.5375,     -0.3890],
        [    -0.2982,      0.3623,     -0.1741,     -2.0085,     -0.0080,
              2.5366,     -0.3890],
        [    -0.2982,      0.3614,     -0.1740,     -2.0085,     -0.0078,
              2.5358,     -0.3890],
        [    -0.2982,      0.3604,     -0.1739,     -2.0085,     -0.0076,
              2.5350,     -0.3890],
        [    -0.2982,      0.3594,     -0.1738,     -2.0086,     -0.0074,
              2.5340,     -0.3890],
        [    -0.2982,      0.3578,     -0.1736,     -2.0086,     -0.0071,
              2.5324,     -0.3890],
        [    -0.2982,      0.3567,     -0.1734,     -2.0086,     -0.0068,
              2.5312,     -0.3890],
        [    -0.2982,      0.3555,     -0.1732,     -2.0086,     -0.0067,
              2.5300,     -0.3890],
        [    -0.2983,      0.3542,     -0.1730,     -2.0086,     -0.0065,
              2.5285,     -0.3890],
        [    -0.2983,      0.3529,     -0.1727,     -2.0086,     -0.0063,
              2.5269,     -0.3890],
        [    -0.2982,      0.3510,     -0.1723,     -2.0086,     -0.0061,
              2.5244,     -0.3890],
        [    -0.2983,      0.3495,     -0.1719,     -2.0087,     -0.0060,
              2.5225,     -0.3892],
        [    -0.2983,      0.3479,     -0.1715,     -2.0087,     -0.0058,
              2.5207,     -0.3894],
        [    -0.2983,      0.3463,     -0.1710,     -2.0087,     -0.0056,
              2.5187,     -0.3896],
        [    -0.2983,      0.3439,     -0.1701,     -2.0087,     -0.0054,
              2.5160,     -0.3899],
        [    -0.2983,      0.3422,     -0.1694,     -2.0087,     -0.0053,
              2.5140,     -0.3900],
        [    -0.2983,      0.3404,     -0.1686,     -2.0087,     -0.0050,
              2.5119,     -0.3900],
        [    -0.2983,      0.3379,     -0.1674,     -2.0087,     -0.0046,
              2.5089,     -0.3899],
        [    -0.2983,      0.3358,     -0.1662,     -2.0087,     -0.0041,
              2.5063,     -0.3899],
        [    -0.2984,      0.3336,     -0.1650,     -2.0088,     -0.0036,
              2.5038,     -0.3896],
        [    -0.2984,      0.3313,     -0.1637,     -2.0089,     -0.0028,
              2.5013,     -0.3891],
        [    -0.2983,      0.3284,     -0.1619,     -2.0090,     -0.0015,
              2.4982,     -0.3883],
        [    -0.2984,      0.3257,     -0.1602,     -2.0090,     -0.0001,
              2.4957,     -0.3874],
        [    -0.2984,      0.3231,     -0.1584,     -2.0091,      0.0014,
              2.4935,     -0.3864],
        [    -0.2984,      0.3206,     -0.1566,     -2.0090,      0.0030,
              2.4913,     -0.3852],
        [    -0.2984,      0.3171,     -0.1541,     -2.0090,      0.0050,
              2.4884,     -0.3836],
        [    -0.2984,      0.3141,     -0.1517,     -2.0090,      0.0067,
              2.4860,     -0.3822],
        [    -0.2984,      0.3112,     -0.1494,     -2.0090,      0.0082,
              2.4838,     -0.3811],
        [    -0.2984,      0.3082,     -0.1471,     -2.0090,      0.0098,
              2.4817,     -0.3802],
        [    -0.2984,      0.3051,     -0.1447,     -2.0091,      0.0111,
              2.4797,     -0.3795],
        [    -0.2985,      0.3007,     -0.1409,     -2.0091,      0.0126,
              2.4770,     -0.3788],
        [    -0.2985,      0.2970,     -0.1375,     -2.0091,      0.0140,
              2.4747,     -0.3782],
        [    -0.2985,      0.2936,     -0.1344,     -2.0090,      0.0151,
              2.4724,     -0.3776],
        [    -0.2984,      0.2900,     -0.1311,     -2.0090,      0.0160,
              2.4699,     -0.3770],
        [    -0.2985,      0.2864,     -0.1276,     -2.0090,      0.0168,
              2.4673,     -0.3763],
        [    -0.2985,      0.2809,     -0.1224,     -2.0090,      0.0175,
              2.4632,     -0.3750],
        [    -0.2985,      0.2769,     -0.1187,     -2.0090,      0.0179,
              2.4602,     -0.3739],
        [    -0.2984,      0.2729,     -0.1148,     -2.0090,      0.0182,
              2.4571,     -0.3727],
        [    -0.2984,      0.2688,     -0.1106,     -2.0090,      0.0183,
              2.4537,     -0.3713],
        [    -0.2985,      0.2645,     -0.1062,     -2.0090,      0.0184,
              2.4501,     -0.3697],
        [    -0.2984,      0.2584,     -0.0998,     -2.0090,      0.0185,
              2.4441,     -0.3668],
        [    -0.2984,      0.2540,     -0.0952,     -2.0090,      0.0186,
              2.4398,     -0.3644],
        [    -0.2983,      0.2493,     -0.0906,     -2.0090,      0.0186,
              2.4355,     -0.3616],
        [    -0.2983,      0.2446,     -0.0856,     -2.0090,      0.0186,
              2.4310,     -0.3582],
        [    -0.2982,      0.2400,     -0.0806,     -2.0090,      0.0186,
              2.4264,     -0.3549],
        [    -0.2980,      0.2332,     -0.0730,     -2.0090,      0.0186,
              2.4196,     -0.3501],
        [    -0.2980,      0.2284,     -0.0677,     -2.0090,      0.0185,
              2.4149,     -0.3471],
        [    -0.2979,      0.2233,     -0.0621,     -2.0090,      0.0185,
              2.4102,     -0.3445],
        [    -0.2977,      0.2183,     -0.0565,     -2.0090,      0.0185,
              2.4054,     -0.3423],
        [    -0.2975,      0.2127,     -0.0501,     -2.0090,      0.0185,
              2.4001,     -0.3401],
        [    -0.2973,      0.2077,     -0.0443,     -2.0091,      0.0185,
              2.3956,     -0.3385],
        [    -0.2970,      0.2009,     -0.0366,     -2.0090,      0.0185,
              2.3895,     -0.3367],
        [    -0.2966,      0.1956,     -0.0306,     -2.0090,      0.0185,
              2.3850,     -0.3354],
        [    -0.2960,      0.1881,     -0.0219,     -2.0091,      0.0185,
              2.3789,     -0.3337],
        [    -0.2957,      0.1830,     -0.0158,     -2.0091,      0.0185,
              2.3748,     -0.3325],
        [    -0.2952,      0.1778,     -0.0098,     -2.0091,      0.0185,
              2.3708,     -0.3310],
        [    -0.2947,      0.1725,     -0.0035,     -2.0091,      0.0185,
              2.3667,     -0.3289],
        [    -0.2943,      0.1671,      0.0026,     -2.0091,      0.0185,
              2.3627,     -0.3261],
        [    -0.2935,      0.1596,      0.0113,     -2.0092,      0.0185,
              2.3573,     -0.3203],
        [    -0.2929,      0.1545,      0.0173,     -2.0092,      0.0185,
              2.3537,     -0.3152],
        [    -0.2922,      0.1494,      0.0233,     -2.0092,      0.0185,
              2.3500,     -0.3096],
        [    -0.2912,      0.1423,      0.0312,     -2.0093,      0.0185,
              2.3452,     -0.3016],
        [    -0.2903,      0.1366,      0.0377,     -2.0093,      0.0185,
              2.3414,     -0.2943],
        [    -0.2894,      0.1316,      0.0435,     -2.0094,      0.0184,
              2.3381,     -0.2880],
        [    -0.2884,      0.1266,      0.0493,     -2.0095,      0.0183,
              2.3349,     -0.2818],
        [    -0.2874,      0.1215,      0.0550,     -2.0096,      0.0181,
              2.3317,     -0.2759],
        [    -0.2859,      0.1142,      0.0629,     -2.0097,      0.0177,
              2.3270,     -0.2683],
        [    -0.2847,      0.1094,      0.0682,     -2.0097,      0.0174,
              2.3239,     -0.2635],
        [    -0.2834,      0.1046,      0.0735,     -2.0098,      0.0172,
              2.3208,     -0.2588],
        [    -0.2816,      0.0984,      0.0804,     -2.0099,      0.0168,
              2.3168,     -0.2533],
        [    -0.2803,      0.0937,      0.0854,     -2.0100,      0.0166,
              2.3138,     -0.2497],
        [    -0.2788,      0.0887,      0.0909,     -2.0101,      0.0164,
              2.3102,     -0.2458],
        [    -0.2775,      0.0843,      0.0960,     -2.0103,      0.0163,
              2.3068,     -0.2423],
        [    -0.2762,      0.0799,      0.1009,     -2.0104,      0.0162,
              2.3034,     -0.2391],
        [    -0.2744,      0.0743,      0.1073,     -2.0107,      0.0162,
              2.2987,     -0.2352],
        [    -0.2729,      0.0697,      0.1125,     -2.0110,      0.0162,
              2.2948,     -0.2322],
        [    -0.2715,      0.0655,      0.1168,     -2.0113,      0.0162,
              2.2909,     -0.2295],
        [    -0.2695,      0.0603,      0.1227,     -2.0118,      0.0162,
              2.2855,     -0.2254],
        [    -0.2680,      0.0565,      0.1270,     -2.0122,      0.0162,
              2.2815,     -0.2219],
        [    -0.2664,      0.0528,      0.1310,     -2.0128,      0.0162,
              2.2774,     -0.2182],
        [    -0.2648,      0.0488,      0.1354,     -2.0134,      0.0162,
              2.2728,     -0.2139],
        [    -0.2634,      0.0455,      0.1392,     -2.0140,      0.0162,
              2.2686,     -0.2099],
        [    -0.2614,      0.0409,      0.1439,     -2.0150,      0.0162,
              2.2630,     -0.2043],
        [    -0.2599,      0.0377,      0.1472,     -2.0159,      0.0162,
              2.2588,     -0.1998],
        [    -0.2576,      0.0333,      0.1516,     -2.0174,      0.0162,
              2.2530,     -0.1935],
        [    -0.2560,      0.0302,      0.1545,     -2.0186,      0.0162,
              2.2488,     -0.1894],
        [    -0.2538,      0.0262,      0.1580,     -2.0204,      0.0161,
              2.2434,     -0.1841],
        [    -0.2521,      0.0235,      0.1605,     -2.0220,      0.0161,
              2.2397,     -0.1803],
        [    -0.2499,      0.0196,      0.1638,     -2.0244,      0.0160,
              2.2347,     -0.1754],
        [    -0.2483,      0.0170,      0.1659,     -2.0262,      0.0159,
              2.2315,     -0.1727],
        [    -0.2466,      0.0144,      0.1678,     -2.0281,      0.0158,
              2.2284,     -0.1705],
        [    -0.2449,      0.0121,      0.1695,     -2.0301,      0.0156,
              2.2257,     -0.1686],
        [    -0.2429,      0.0095,      0.1712,     -2.0327,      0.0154,
              2.2234,     -0.1667],
        [    -0.2405,      0.0064,      0.1730,     -2.0360,      0.0152,
              2.2214,     -0.1646],
        [    -0.2387,      0.0041,      0.1742,     -2.0387,      0.0150,
              2.2203,     -0.1632],
        [    -0.2368,      0.0020,      0.1752,     -2.0414,      0.0150,
              2.2197,     -0.1619],
        [    -0.2350,     -0.0000,      0.1759,     -2.0443,      0.0149,
              2.2195,     -0.1606],
        [    -0.2329,     -0.0022,      0.1765,     -2.0476,      0.0149,
              2.2196,     -0.1592],
        [    -0.2303,     -0.0047,      0.1768,     -2.0516,      0.0149,
              2.2197,     -0.1572],
        [    -0.2283,     -0.0065,      0.1769,     -2.0547,      0.0149,
              2.2197,     -0.1554],
        [    -0.2265,     -0.0083,      0.1769,     -2.0579,      0.0149,
              2.2199,     -0.1535],
        [    -0.2245,     -0.0102,      0.1769,     -2.0616,      0.0149,
              2.2202,     -0.1511],
        [    -0.2229,     -0.0118,      0.1768,     -2.0649,      0.0149,
              2.2204,     -0.1487],
        [    -0.2213,     -0.0135,      0.1767,     -2.0683,      0.0149,
              2.2207,     -0.1457],
        [    -0.2192,     -0.0156,      0.1766,     -2.0728,      0.0149,
              2.2212,     -0.1413],
        [    -0.2178,     -0.0170,      0.1765,     -2.0762,      0.0149,
              2.2217,     -0.1381],
        [    -0.2163,     -0.0185,      0.1763,     -2.0799,      0.0149,
              2.2222,     -0.1349],
        [    -0.2152,     -0.0199,      0.1762,     -2.0833,      0.0149,
              2.2225,     -0.1323],
        [    -0.2136,     -0.0215,      0.1760,     -2.0879,      0.0148,
              2.2230,     -0.1292],
        [    -0.2125,     -0.0226,      0.1759,     -2.0912,      0.0148,
              2.2235,     -0.1271],
        [    -0.2115,     -0.0238,      0.1757,     -2.0949,      0.0147,
              2.2240,     -0.1249],
        [    -0.2106,     -0.0249,      0.1756,     -2.0982,      0.0147,
              2.2246,     -0.1233],
        [    -0.2097,     -0.0259,      0.1754,     -2.1014,      0.0146,
              2.2253,     -0.1221],
        [    -0.2089,     -0.0268,      0.1751,     -2.1046,      0.0146,
              2.2259,     -0.1212],
        [    -0.2077,     -0.0278,      0.1746,     -2.1088,      0.0145,
              2.2267,     -0.1205],
        [    -0.2067,     -0.0286,      0.1742,     -2.1121,      0.0144,
              2.2274,     -0.1203],
        [    -0.2058,     -0.0291,      0.1738,     -2.1151,      0.0144,
              2.2280,     -0.1203],
        [    -0.2050,     -0.0296,      0.1735,     -2.1179,      0.0144,
              2.2286,     -0.1203],
        [    -0.2042,     -0.0299,      0.1732,     -2.1206,      0.0144,
              2.2292,     -0.1203],
        [    -0.2030,     -0.0304,      0.1729,     -2.1241,      0.0143,
              2.2301,     -0.1203],
        [    -0.2021,     -0.0307,      0.1726,     -2.1269,      0.0143,
              2.2309,     -0.1203],
        [    -0.2014,     -0.0308,      0.1725,     -2.1292,      0.0143,
              2.2315,     -0.1201],
        [    -0.2005,     -0.0309,      0.1723,     -2.1318,      0.0143,
              2.2321,     -0.1197],
        [    -0.1997,     -0.0309,      0.1722,     -2.1340,      0.0143,
              2.2327,     -0.1192],
        [    -0.1986,     -0.0309,      0.1720,     -2.1372,      0.0143,
              2.2336,     -0.1183],
        [    -0.1978,     -0.0309,      0.1719,     -2.1394,      0.0143,
              2.2344,     -0.1176],
        [    -0.1970,     -0.0308,      0.1718,     -2.1415,      0.0143,
              2.2352,     -0.1169],
        [    -0.1962,     -0.0308,      0.1717,     -2.1436,      0.0143,
              2.2362,     -0.1162],
        [    -0.1953,     -0.0308,      0.1716,     -2.1459,      0.0142,
              2.2373,     -0.1154],
        [    -0.1941,     -0.0308,      0.1714,     -2.1485,      0.0142,
              2.2390,     -0.1145],
        [    -0.1931,     -0.0308,      0.1712,     -2.1505,      0.0140,
              2.2404,     -0.1140],
        [    -0.1921,     -0.0309,      0.1710,     -2.1525,      0.0139,
              2.2419,     -0.1137],
        [    -0.1910,     -0.0309,      0.1708,     -2.1544,      0.0137,
              2.2434,     -0.1135],
        [    -0.1897,     -0.0309,      0.1706,     -2.1565,      0.0135,
              2.2452,     -0.1134],
        [    -0.1882,     -0.0308,      0.1704,     -2.1590,      0.0132,
              2.2473,     -0.1133],
        [    -0.1869,     -0.0309,      0.1703,     -2.1608,      0.0129,
              2.2487,     -0.1133],
        [    -0.1857,     -0.0310,      0.1702,     -2.1627,      0.0125,
              2.2500,     -0.1133],
        [    -0.1842,     -0.0311,      0.1700,     -2.1647,      0.0121,
              2.2512,     -0.1132],
        [    -0.1828,     -0.0312,      0.1698,     -2.1666,      0.0117,
              2.2523,     -0.1132],
        [    -0.1809,     -0.0313,      0.1695,     -2.1689,      0.0112,
              2.2535,     -0.1130],
        [    -0.1794,     -0.0314,      0.1693,     -2.1707,      0.0108,
              2.2543,     -0.1130],
        [    -0.1778,     -0.0314,      0.1691,     -2.1724,      0.0103,
              2.2549,     -0.1129],
        [    -0.1754,     -0.0316,      0.1688,     -2.1750,      0.0096,
              2.2557,     -0.1129],
        [    -0.1738,     -0.0318,      0.1687,     -2.1768,      0.0092,
              2.2563,     -0.1128],
        [    -0.1722,     -0.0320,      0.1686,     -2.1787,      0.0088,
              2.2568,     -0.1127],
        [    -0.1705,     -0.0323,      0.1685,     -2.1806,      0.0086,
              2.2572,     -0.1125],
        [    -0.1686,     -0.0326,      0.1684,     -2.1829,      0.0084,
              2.2575,     -0.1123],
        [    -0.1668,     -0.0330,      0.1684,     -2.1850,      0.0083,
              2.2577,     -0.1120],
        [    -0.1644,     -0.0335,      0.1683,     -2.1878,      0.0083,
              2.2579,     -0.1113],
        [    -0.1627,     -0.0340,      0.1683,     -2.1900,      0.0083,
              2.2580,     -0.1105],
        [    -0.1609,     -0.0345,      0.1683,     -2.1924,      0.0082,
              2.2580,     -0.1098],
        [    -0.1589,     -0.0351,      0.1683,     -2.1951,      0.0082,
              2.2579,     -0.1091],
        [    -0.1570,     -0.0357,      0.1683,     -2.1976,      0.0082,
              2.2579,     -0.1083],
        [    -0.1551,     -0.0364,      0.1682,     -2.2002,      0.0082,
              2.2578,     -0.1075],
        [    -0.1526,     -0.0373,      0.1682,     -2.2038,      0.0082,
              2.2578,     -0.1063],
        [    -0.1505,     -0.0382,      0.1682,     -2.2069,      0.0082,
              2.2578,     -0.1053],
        [    -0.1486,     -0.0390,      0.1682,     -2.2098,      0.0082,
              2.2577,     -0.1044],
        [    -0.1467,     -0.0398,      0.1682,     -2.2129,      0.0082,
              2.2578,     -0.1034],
        [    -0.1447,     -0.0407,      0.1682,     -2.2160,      0.0081,
              2.2578,     -0.1024],
        [    -0.1418,     -0.0420,      0.1682,     -2.2206,      0.0081,
              2.2577,     -0.1011],
        [    -0.1398,     -0.0428,      0.1681,     -2.2239,      0.0080,
              2.2577,     -0.1006],
        [    -0.1377,     -0.0438,      0.1682,     -2.2271,      0.0078,
              2.2577,     -0.1005],
        [    -0.1357,     -0.0448,      0.1682,     -2.2303,      0.0077,
              2.2577,     -0.1005],
        [    -0.1337,     -0.0458,      0.1682,     -2.2336,      0.0077,
              2.2577,     -0.1005],
        [    -0.1309,     -0.0472,      0.1682,     -2.2383,      0.0076,
              2.2577,     -0.1003],
        [    -0.1289,     -0.0482,      0.1682,     -2.2417,      0.0076,
              2.2577,     -0.1000],
        [    -0.1269,     -0.0492,      0.1682,     -2.2449,      0.0076,
              2.2577,     -0.0996],
        [    -0.1250,     -0.0502,      0.1682,     -2.2481,      0.0076,
              2.2577,     -0.0990],
        [    -0.1231,     -0.0513,      0.1682,     -2.2512,      0.0076,
              2.2578,     -0.0981],
        [    -0.1212,     -0.0524,      0.1683,     -2.2546,      0.0076,
              2.2578,     -0.0969],
        [    -0.1189,     -0.0538,      0.1683,     -2.2585,      0.0076,
              2.2578,     -0.0948],
        [    -0.1172,     -0.0548,      0.1683,     -2.2613,      0.0076,
              2.2577,     -0.0926],
        [    -0.1155,     -0.0558,      0.1682,     -2.2641,      0.0076,
              2.2577,     -0.0900],
        [    -0.1139,     -0.0568,      0.1682,     -2.2670,      0.0076,
              2.2577,     -0.0866],
        [    -0.1125,     -0.0578,      0.1683,     -2.2696,      0.0076,
              2.2576,     -0.0833],
        [    -0.1107,     -0.0590,      0.1683,     -2.2729,      0.0076,
              2.2571,     -0.0790],
        [    -0.1093,     -0.0599,      0.1683,     -2.2752,      0.0076,
              2.2564,     -0.0763],
        [    -0.1080,     -0.0609,      0.1683,     -2.2776,      0.0076,
              2.2557,     -0.0738],
        [    -0.1068,     -0.0618,      0.1683,     -2.2796,      0.0076,
              2.2550,     -0.0720],
        [    -0.1058,     -0.0626,      0.1682,     -2.2816,      0.0076,
              2.2541,     -0.0707],
        [    -0.1043,     -0.0636,      0.1682,     -2.2840,      0.0075,
              2.2524,     -0.0701],
        [    -0.1034,     -0.0644,      0.1682,     -2.2856,      0.0074,
              2.2507,     -0.0701],
        [    -0.1023,     -0.0651,      0.1682,     -2.2872,      0.0072,
              2.2486,     -0.0701],
        [    -0.1015,     -0.0656,      0.1681,     -2.2885,      0.0071,
              2.2467,     -0.0702],
        [    -0.1005,     -0.0662,      0.1681,     -2.2899,      0.0070,
              2.2441,     -0.0702],
        [    -0.0998,     -0.0667,      0.1680,     -2.2909,      0.0070,
              2.2422,     -0.0702],
        [    -0.0992,     -0.0671,      0.1680,     -2.2919,      0.0070,
              2.2403,     -0.0702],
        [    -0.0987,     -0.0675,      0.1679,     -2.2927,      0.0070,
              2.2386,     -0.0702],
        [    -0.0983,     -0.0678,      0.1679,     -2.2933,      0.0070,
              2.2372,     -0.0702],
        [    -0.0980,     -0.0680,      0.1679,     -2.2939,      0.0071,
              2.2360,     -0.0701],
        [    -0.0977,     -0.0682,      0.1678,     -2.2944,      0.0071,
              2.2345,     -0.0700],
        [    -0.0977,     -0.0683,      0.1678,     -2.2946,      0.0071,
              2.2338,     -0.0700],
        [    -0.0976,     -0.0683,      0.1677,     -2.2947,      0.0071,
              2.2333,     -0.0698],
        [    -0.0976,     -0.0683,      0.1676,     -2.2947,      0.0071,
              2.2330,     -0.0697],
        [    -0.0977,     -0.0683,      0.1675,     -2.2947,      0.0071,
              2.2329,     -0.0697],
        [    -0.0977,     -0.0684,      0.1671,     -2.2946,      0.0072,
              2.2328,     -0.0697],
        [    -0.0977,     -0.0684,      0.1667,     -2.2945,      0.0072,
              2.2328,     -0.0697],
        [    -0.0977,     -0.0685,      0.1662,     -2.2943,      0.0072,
              2.2328,     -0.0697],
        [    -0.0977,     -0.0685,      0.1657,     -2.2941,      0.0072,
              2.2328,     -0.0698],
        [    -0.0977,     -0.0685,      0.1650,     -2.2938,      0.0072,
              2.2328,     -0.0701],
        [    -0.0977,     -0.0685,      0.1643,     -2.2936,      0.0072,
              2.2329,     -0.0707],
        [    -0.0978,     -0.0685,      0.1633,     -2.2931,      0.0072,
              2.2328,     -0.0718],
        [    -0.0978,     -0.0685,      0.1624,     -2.2928,      0.0072,
              2.2329,     -0.0729],
        [    -0.0978,     -0.0685,      0.1615,     -2.2924,      0.0072,
              2.2329,     -0.0741],
        [    -0.0978,     -0.0685,      0.1605,     -2.2920,      0.0072,
              2.2329,     -0.0754],
        [    -0.0979,     -0.0685,      0.1592,     -2.2915,      0.0072,
              2.2329,     -0.0769],
        [    -0.0979,     -0.0686,      0.1583,     -2.2911,      0.0072,
              2.2329,     -0.0779],
        [    -0.0980,     -0.0686,      0.1573,     -2.2906,      0.0072,
              2.2329,     -0.0787],
        [    -0.0980,     -0.0686,      0.1561,     -2.2901,      0.0072,
              2.2329,     -0.0792],
        [    -0.0980,     -0.0686,      0.1551,     -2.2896,      0.0072,
              2.2329,     -0.0795],
        [    -0.0981,     -0.0686,      0.1540,     -2.2890,      0.0072,
              2.2329,     -0.0797],
        [    -0.0982,     -0.0686,      0.1527,     -2.2883,      0.0072,
              2.2329,     -0.0798],
        [    -0.0982,     -0.0686,      0.1515,     -2.2877,      0.0072,
              2.2329,     -0.0799],
        [    -0.0983,     -0.0686,      0.1505,     -2.2871,      0.0072,
              2.2329,     -0.0800],
        [    -0.0984,     -0.0686,      0.1494,     -2.2866,      0.0072,
              2.2329,     -0.0801],
        [    -0.0985,     -0.0686,      0.1481,     -2.2858,      0.0072,
              2.2329,     -0.0803],
        [    -0.0986,     -0.0686,      0.1470,     -2.2852,      0.0072,
              2.2328,     -0.0805],
        [    -0.0988,     -0.0686,      0.1460,     -2.2847,      0.0072,
              2.2328,     -0.0809],
        [    -0.0990,     -0.0686,      0.1452,     -2.2842,      0.0072,
              2.2328,     -0.0813],
        [    -0.0991,     -0.0687,      0.1443,     -2.2837,      0.0072,
              2.2328,     -0.0817],
        [    -0.0992,     -0.0687,      0.1434,     -2.2833,      0.0072,
              2.2328,     -0.0820],
        [    -0.0994,     -0.0687,      0.1421,     -2.2828,      0.0072,
              2.2328,     -0.0826],
        [    -0.0995,     -0.0687,      0.1413,     -2.2825,      0.0072,
              2.2328,     -0.0831],
        [    -0.0996,     -0.0687,      0.1405,     -2.2822,      0.0072,
              2.2328,     -0.0836],
        [    -0.0996,     -0.0687,      0.1397,     -2.2820,      0.0072,
              2.2327,     -0.0841],
        [    -0.0996,     -0.0688,      0.1386,     -2.2817,      0.0072,
              2.2327,     -0.0850],
        [    -0.0997,     -0.0688,      0.1379,     -2.2816,      0.0072,
              2.2326,     -0.0856],
        [    -0.0997,     -0.0688,      0.1373,     -2.2816,      0.0072,
              2.2325,     -0.0863],
        [    -0.0997,     -0.0688,      0.1366,     -2.2815,      0.0072,
              2.2324,     -0.0868],
        [    -0.0997,     -0.0688,      0.1360,     -2.2815,      0.0072,
              2.2322,     -0.0873],
        [    -0.0997,     -0.0688,      0.1352,     -2.2816,      0.0072,
              2.2321,     -0.0877],
        [    -0.0998,     -0.0687,      0.1347,     -2.2816,      0.0072,
              2.2319,     -0.0879],
        [    -0.0998,     -0.0687,      0.1343,     -2.2816,      0.0072,
              2.2317,     -0.0880],
        [    -0.0999,     -0.0687,      0.1338,     -2.2816,      0.0072,
              2.2315,     -0.0881],
        [    -0.1000,     -0.0687,      0.1334,     -2.2816,      0.0072,
              2.2313,     -0.0881],
        [    -0.1000,     -0.0687,      0.1332,     -2.2816,      0.0072,
              2.2311,     -0.0881],
        [    -0.1001,     -0.0687,      0.1329,     -2.2816,      0.0072,
              2.2309,     -0.0882],
        [    -0.1002,     -0.0687,      0.1328,     -2.2816,      0.0072,
              2.2308,     -0.0882],
        [    -0.1002,     -0.0687,      0.1326,     -2.2816,      0.0072,
              2.2307,     -0.0882],
        [    -0.1002,     -0.0687,      0.1325,     -2.2816,      0.0072,
              2.2306,     -0.0882],
        [    -0.1002,     -0.0687,      0.1325,     -2.2816,      0.0072,
              2.2305,     -0.0883],
        [    -0.1002,     -0.0687,      0.1325,     -2.2816,      0.0072,
              2.2305,     -0.0883],
        [    -0.1002,     -0.0687,      0.1325,     -2.2816,      0.0072,
              2.2305,     -0.0884],
        [    -0.1002,     -0.0687,      0.1325,     -2.2816,      0.0072,
              2.2304,     -0.0884],
        [    -0.1001,     -0.0687,      0.1326,     -2.2816,      0.0072,
              2.2304,     -0.0884],
        [    -0.1001,     -0.0687,      0.1326,     -2.2816,      0.0072,
              2.2304,     -0.0884],
        [    -0.1001,     -0.0687,      0.1326,     -2.2816,      0.0072,
              2.2304,     -0.0884],
        [    -0.1001,     -0.0687,      0.1327,     -2.2816,      0.0072,
              2.2304,     -0.0884],
        [    -0.1000,     -0.0687,      0.1327,     -2.2816,      0.0072,
              2.2304,     -0.0884],
        [    -0.1000,     -0.0687,      0.1328,     -2.2816,      0.0072,
              2.2304,     -0.0884],
        [    -0.1000,     -0.0687,      0.1329,     -2.2816,      0.0072,
              2.2303,     -0.0884],
        [    -0.0999,     -0.0687,      0.1330,     -2.2816,      0.0072,
              2.2303,     -0.0884],
        [    -0.0999,     -0.0687,      0.1330,     -2.2816,      0.0072,
              2.2303,     -0.0884],
        [    -0.0999,     -0.0687,      0.1331,     -2.2816,      0.0072,
              2.2303,     -0.0884],
        [    -0.0998,     -0.0687,      0.1332,     -2.2816,      0.0072,
              2.2303,     -0.0884],
        [    -0.0998,     -0.0687,      0.1333,     -2.2816,      0.0072,
              2.2302,     -0.0884],
        [    -0.0998,     -0.0687,      0.1333,     -2.2816,      0.0072,
              2.2301,     -0.0884],
        [    -0.0997,     -0.0687,      0.1334,     -2.2816,      0.0072,
              2.2301,     -0.0884],
        [    -0.0997,     -0.0687,      0.1334,     -2.2816,      0.0072,
              2.2301,     -0.0884],
        [    -0.0997,     -0.0687,      0.1334,     -2.2816,      0.0072,
              2.2301,     -0.0884],
        [    -0.0997,     -0.0687,      0.1334,     -2.2816,      0.0072,
              2.2301,     -0.0884],
        [    -0.0997,     -0.0687,      0.1334,     -2.2816,      0.0072,
              2.2301,     -0.0884],
        [    -0.0997,     -0.0687,      0.1334,     -2.2816,      0.0072,
              2.2301,     -0.0884],
        [    -0.0997,     -0.0687,      0.1334,     -2.2816,      0.0072,
              2.2301,     -0.0884],
        [    -0.0997,     -0.0687,      0.1334,     -2.2816,      0.0072,
              2.2301,     -0.0884],
        [    -0.0997,     -0.0687,      0.1334,     -2.2816,      0.0072,
              2.2301,     -0.0883],
        [    -0.0997,     -0.0687,      0.1334,     -2.2816,      0.0072,
              2.2301,     -0.0883],
        [    -0.0997,     -0.0687,      0.1334,     -2.2816,      0.0072,
              2.2301,     -0.0883],
        [    -0.0997,     -0.0687,      0.1334,     -2.2816,      0.0072,
              2.2301,     -0.0883],
        [    -0.0998,     -0.0687,      0.1334,     -2.2816,      0.0072,
              2.2301,     -0.0882],
        [    -0.0997,     -0.0687,      0.1334,     -2.2816,      0.0072,
              2.2301,     -0.0881],
        [    -0.0998,     -0.0687,      0.1334,     -2.2816,      0.0072,
              2.2301,     -0.0880],
        [    -0.0997,     -0.0687,      0.1333,     -2.2816,      0.0072,
              2.2301,     -0.0878],
        [    -0.0998,     -0.0687,      0.1332,     -2.2816,      0.0072,
              2.2301,     -0.0871],
        [    -0.0998,     -0.0687,      0.1330,     -2.2816,      0.0072,
              2.2301,     -0.0864],
        [    -0.0998,     -0.0687,      0.1329,     -2.2816,      0.0072,
              2.2301,     -0.0859],
        [    -0.0998,     -0.0687,      0.1327,     -2.2816,      0.0072,
              2.2301,     -0.0854],
        [    -0.0998,     -0.0687,      0.1325,     -2.2816,      0.0072,
              2.2301,     -0.0849]], dtype=torch.float64)